condition,site,wildtype,mutation,mut_escape,site_total_escape,site_max_escape
C68.490 - BA2,331,N,A,0.002525,0.04319,0.01018
C68.490 - BA2,331,N,D,0.01018,0.04319,0.01018
C68.490 - BA2,331,N,E,0.002464,0.04319,0.01018
C68.490 - BA2,331,N,G,0.003125,0.04319,0.01018
C68.490 - BA2,331,N,H,0.002906,0.04319,0.01018
C68.490 - BA2,331,N,K,0.004111,0.04319,0.01018
C68.490 - BA2,331,N,M,0.00234,0.04319,0.01018
C68.490 - BA2,331,N,P,0.001964,0.04319,0.01018
C68.490 - BA2,331,N,Q,0.002867,0.04319,0.01018
C68.490 - BA2,331,N,R,0.002543,0.04319,0.01018
C68.490 - BA2,331,N,S,0.002743,0.04319,0.01018
C68.490 - BA2,331,N,T,0.002756,0.04319,0.01018
C68.490 - BA2,331,N,V,0.002665,0.04319,0.01018
C68.490 - BA2,332,I,A,0.002661,0.06875,0.007947
C68.490 - BA2,332,I,C,0.002983,0.06875,0.007947
C68.490 - BA2,332,I,D,0.004107,0.06875,0.007947
C68.490 - BA2,332,I,E,0.002243,0.06875,0.007947
C68.490 - BA2,332,I,F,0.002831,0.06875,0.007947
C68.490 - BA2,332,I,G,0.002367,0.06875,0.007947
C68.490 - BA2,332,I,H,0.002947,0.06875,0.007947
C68.490 - BA2,332,I,K,0.004171,0.06875,0.007947
C68.490 - BA2,332,I,L,0.00313,0.06875,0.007947
C68.490 - BA2,332,I,M,0.002722,0.06875,0.007947
C68.490 - BA2,332,I,N,0.004635,0.06875,0.007947
C68.490 - BA2,332,I,P,0.005923,0.06875,0.007947
C68.490 - BA2,332,I,Q,0.007947,0.06875,0.007947
C68.490 - BA2,332,I,R,0.004323,0.06875,0.007947
C68.490 - BA2,332,I,S,0.00269,0.06875,0.007947
C68.490 - BA2,332,I,T,0.002168,0.06875,0.007947
C68.490 - BA2,332,I,V,0.002651,0.06875,0.007947
C68.490 - BA2,332,I,W,0.005564,0.06875,0.007947
C68.490 - BA2,332,I,Y,0.002689,0.06875,0.007947
C68.490 - BA2,333,T,A,0.002546,0.05114,0.009643
C68.490 - BA2,333,T,D,0.002823,0.05114,0.009643
C68.490 - BA2,333,T,E,0.00309,0.05114,0.009643
C68.490 - BA2,333,T,G,0.002425,0.05114,0.009643
C68.490 - BA2,333,T,H,0.004074,0.05114,0.009643
C68.490 - BA2,333,T,K,0.003679,0.05114,0.009643
C68.490 - BA2,333,T,L,0.002813,0.05114,0.009643
C68.490 - BA2,333,T,M,0.002672,0.05114,0.009643
C68.490 - BA2,333,T,N,0.002145,0.05114,0.009643
C68.490 - BA2,333,T,P,0.003474,0.05114,0.009643
C68.490 - BA2,333,T,Q,0.003813,0.05114,0.009643
C68.490 - BA2,333,T,R,0.003108,0.05114,0.009643
C68.490 - BA2,333,T,S,0.009643,0.05114,0.009643
C68.490 - BA2,333,T,V,0.002669,0.05114,0.009643
C68.490 - BA2,333,T,Y,0.002168,0.05114,0.009643
C68.490 - BA2,334,N,A,0.002543,0.05913,0.00628
C68.490 - BA2,334,N,C,0.003736,0.05913,0.00628
C68.490 - BA2,334,N,D,0.002784,0.05913,0.00628
C68.490 - BA2,334,N,E,0.003132,0.05913,0.00628
C68.490 - BA2,334,N,F,0.00628,0.05913,0.00628
C68.490 - BA2,334,N,G,0.002774,0.05913,0.00628
C68.490 - BA2,334,N,H,0.003089,0.05913,0.00628
C68.490 - BA2,334,N,I,0.003285,0.05913,0.00628
C68.490 - BA2,334,N,K,0.003391,0.05913,0.00628
C68.490 - BA2,334,N,L,0.005812,0.05913,0.00628
C68.490 - BA2,334,N,M,0.003038,0.05913,0.00628
C68.490 - BA2,334,N,P,0.00276,0.05913,0.00628
C68.490 - BA2,334,N,Q,0.00295,0.05913,0.00628
C68.490 - BA2,334,N,R,0.002777,0.05913,0.00628
C68.490 - BA2,334,N,S,0.003069,0.05913,0.00628
C68.490 - BA2,334,N,T,0.00245,0.05913,0.00628
C68.490 - BA2,334,N,V,0.002598,0.05913,0.00628
C68.490 - BA2,334,N,Y,0.002658,0.05913,0.00628
C68.490 - BA2,335,L,A,0.005095,0.07481,0.01006
C68.490 - BA2,335,L,C,0.004169,0.07481,0.01006
C68.490 - BA2,335,L,D,0.002556,0.07481,0.01006
C68.490 - BA2,335,L,E,0.00226,0.07481,0.01006
C68.490 - BA2,335,L,F,0.006472,0.07481,0.01006
C68.490 - BA2,335,L,G,0.002075,0.07481,0.01006
C68.490 - BA2,335,L,H,0.00265,0.07481,0.01006
C68.490 - BA2,335,L,I,0.01006,0.07481,0.01006
C68.490 - BA2,335,L,K,0.004499,0.07481,0.01006
C68.490 - BA2,335,L,M,0.003282,0.07481,0.01006
C68.490 - BA2,335,L,N,0.002123,0.07481,0.01006
C68.490 - BA2,335,L,P,0.005118,0.07481,0.01006
C68.490 - BA2,335,L,Q,0.007462,0.07481,0.01006
C68.490 - BA2,335,L,R,0.003081,0.07481,0.01006
C68.490 - BA2,335,L,S,0.003024,0.07481,0.01006
C68.490 - BA2,335,L,T,0.002679,0.07481,0.01006
C68.490 - BA2,335,L,V,0.002772,0.07481,0.01006
C68.490 - BA2,335,L,W,0.003108,0.07481,0.01006
C68.490 - BA2,335,L,Y,0.002327,0.07481,0.01006
C68.490 - BA2,337,P,A,0.002548,0.05709,0.01187
C68.490 - BA2,337,P,C,0.002691,0.05709,0.01187
C68.490 - BA2,337,P,D,0.002696,0.05709,0.01187
C68.490 - BA2,337,P,E,0.003002,0.05709,0.01187
C68.490 - BA2,337,P,G,0.002532,0.05709,0.01187
C68.490 - BA2,337,P,H,0.002601,0.05709,0.01187
C68.490 - BA2,337,P,I,0.003613,0.05709,0.01187
C68.490 - BA2,337,P,K,0.01187,0.05709,0.01187
C68.490 - BA2,337,P,L,0.002883,0.05709,0.01187
C68.490 - BA2,337,P,M,0.00366,0.05709,0.01187
C68.490 - BA2,337,P,N,0.00282,0.05709,0.01187
C68.490 - BA2,337,P,Q,0.003297,0.05709,0.01187
C68.490 - BA2,337,P,R,0.003061,0.05709,0.01187
C68.490 - BA2,337,P,S,0.004314,0.05709,0.01187
C68.490 - BA2,337,P,T,0.002657,0.05709,0.01187
C68.490 - BA2,337,P,V,0.002843,0.05709,0.01187
C68.490 - BA2,338,F,I,0.002617,0.009682,0.003859
C68.490 - BA2,338,F,L,0.003859,0.009682,0.003859
C68.490 - BA2,338,F,W,0.003206,0.009682,0.003859
C68.490 - BA2,339,D,A,0.004045,0.05705,0.004414
C68.490 - BA2,339,D,E,0.003874,0.05705,0.004414
C68.490 - BA2,339,D,F,0.002133,0.05705,0.004414
C68.490 - BA2,339,D,G,0.003077,0.05705,0.004414
C68.490 - BA2,339,D,H,0.003336,0.05705,0.004414
C68.490 - BA2,339,D,I,0.004395,0.05705,0.004414
C68.490 - BA2,339,D,K,0.002876,0.05705,0.004414
C68.490 - BA2,339,D,L,0.002724,0.05705,0.004414
C68.490 - BA2,339,D,M,0.002321,0.05705,0.004414
C68.490 - BA2,339,D,N,0.002755,0.05705,0.004414
C68.490 - BA2,339,D,P,0.003346,0.05705,0.004414
C68.490 - BA2,339,D,Q,0.002984,0.05705,0.004414
C68.490 - BA2,339,D,R,0.003214,0.05705,0.004414
C68.490 - BA2,339,D,S,0.004414,0.05705,0.004414
C68.490 - BA2,339,D,T,0.003075,0.05705,0.004414
C68.490 - BA2,339,D,V,0.002421,0.05705,0.004414
C68.490 - BA2,339,D,W,0.003394,0.05705,0.004414
C68.490 - BA2,339,D,Y,0.002668,0.05705,0.004414
C68.490 - BA2,340,E,A,0.00252,0.0318,0.005321
C68.490 - BA2,340,E,D,0.002741,0.0318,0.005321
C68.490 - BA2,340,E,K,0.002429,0.0318,0.005321
C68.490 - BA2,340,E,L,0.003316,0.0318,0.005321
C68.490 - BA2,340,E,M,0.002719,0.0318,0.005321
C68.490 - BA2,340,E,Q,0.004129,0.0318,0.005321
C68.490 - BA2,340,E,R,0.003435,0.0318,0.005321
C68.490 - BA2,340,E,S,0.002555,0.0318,0.005321
C68.490 - BA2,340,E,T,0.002637,0.0318,0.005321
C68.490 - BA2,340,E,V,0.005321,0.0318,0.005321
C68.490 - BA2,341,V,I,0.007721,0.01086,0.007721
C68.490 - BA2,341,V,L,0.003136,0.01086,0.007721
C68.490 - BA2,342,F,L,0.008914,0.01161,0.008914
C68.490 - BA2,342,F,M,0.002699,0.01161,0.008914
C68.490 - BA2,343,N,G,0.002985,0.002985,0.002985
C68.490 - BA2,344,A,E,0.004254,0.02547,0.007415
C68.490 - BA2,344,A,K,0.003927,0.02547,0.007415
C68.490 - BA2,344,A,N,0.003684,0.02547,0.007415
C68.490 - BA2,344,A,Q,0.003009,0.02547,0.007415
C68.490 - BA2,344,A,R,0.003178,0.02547,0.007415
C68.490 - BA2,344,A,S,0.007415,0.02547,0.007415
C68.490 - BA2,345,T,A,0.002385,0.03414,0.005376
C68.490 - BA2,345,T,D,0.002226,0.03414,0.005376
C68.490 - BA2,345,T,E,0.002544,0.03414,0.005376
C68.490 - BA2,345,T,H,0.005376,0.03414,0.005376
C68.490 - BA2,345,T,K,0.002658,0.03414,0.005376
C68.490 - BA2,345,T,N,0.004403,0.03414,0.005376
C68.490 - BA2,345,T,P,0.002774,0.03414,0.005376
C68.490 - BA2,345,T,Q,0.005149,0.03414,0.005376
C68.490 - BA2,345,T,R,0.002831,0.03414,0.005376
C68.490 - BA2,345,T,S,0.003795,0.03414,0.005376
C68.490 - BA2,346,R,A,0.002452,0.05567,0.004391
C68.490 - BA2,346,R,C,0.004384,0.05567,0.004391
C68.490 - BA2,346,R,D,0.002401,0.05567,0.004391
C68.490 - BA2,346,R,E,0.003135,0.05567,0.004391
C68.490 - BA2,346,R,F,0.003752,0.05567,0.004391
C68.490 - BA2,346,R,G,0.003762,0.05567,0.004391
C68.490 - BA2,346,R,H,0.002682,0.05567,0.004391
C68.490 - BA2,346,R,I,0.003249,0.05567,0.004391
C68.490 - BA2,346,R,K,0.003835,0.05567,0.004391
C68.490 - BA2,346,R,L,0.002478,0.05567,0.004391
C68.490 - BA2,346,R,M,0.003532,0.05567,0.004391
C68.490 - BA2,346,R,N,0.004391,0.05567,0.004391
C68.490 - BA2,346,R,Q,0.002382,0.05567,0.004391
C68.490 - BA2,346,R,S,0.002402,0.05567,0.004391
C68.490 - BA2,346,R,T,0.00257,0.05567,0.004391
C68.490 - BA2,346,R,V,0.002407,0.05567,0.004391
C68.490 - BA2,346,R,W,0.003411,0.05567,0.004391
C68.490 - BA2,346,R,Y,0.002443,0.05567,0.004391
C68.490 - BA2,347,F,W,0.001981,0.001981,0.001981
C68.490 - BA2,348,A,D,0.003279,0.04928,0.02124
C68.490 - BA2,348,A,E,0.002963,0.04928,0.02124
C68.490 - BA2,348,A,G,0.003001,0.04928,0.02124
C68.490 - BA2,348,A,H,0.002854,0.04928,0.02124
C68.490 - BA2,348,A,K,0.002541,0.04928,0.02124
C68.490 - BA2,348,A,N,0.02124,0.04928,0.02124
C68.490 - BA2,348,A,P,0.00305,0.04928,0.02124
C68.490 - BA2,348,A,Q,0.002359,0.04928,0.02124
C68.490 - BA2,348,A,R,0.002818,0.04928,0.02124
C68.490 - BA2,348,A,S,0.002838,0.04928,0.02124
C68.490 - BA2,348,A,Y,0.002338,0.04928,0.02124
C68.490 - BA2,349,S,A,0.002716,0.03389,0.01392
C68.490 - BA2,349,S,D,0.003659,0.03389,0.01392
C68.490 - BA2,349,S,H,0.01107,0.03389,0.01392
C68.490 - BA2,349,S,N,0.01392,0.03389,0.01392
C68.490 - BA2,349,S,P,0.002533,0.03389,0.01392
C68.490 - BA2,350,V,I,0.01321,0.0241,0.01321
C68.490 - BA2,350,V,P,0.01089,0.0241,0.01321
C68.490 - BA2,351,Y,F,0.01047,0.01901,0.01047
C68.490 - BA2,351,Y,H,0.003159,0.01901,0.01047
C68.490 - BA2,351,Y,V,0.002761,0.01901,0.01047
C68.490 - BA2,351,Y,W,0.002623,0.01901,0.01047
C68.490 - BA2,352,A,C,0.002904,0.08238,0.01585
C68.490 - BA2,352,A,D,0.01574,0.08238,0.01585
C68.490 - BA2,352,A,E,0.01585,0.08238,0.01585
C68.490 - BA2,352,A,G,0.008818,0.08238,0.01585
C68.490 - BA2,352,A,H,0.007707,0.08238,0.01585
C68.490 - BA2,352,A,K,0.004996,0.08238,0.01585
C68.490 - BA2,352,A,M,0.004807,0.08238,0.01585
C68.490 - BA2,352,A,N,0.008301,0.08238,0.01585
C68.490 - BA2,352,A,Q,0.003633,0.08238,0.01585
C68.490 - BA2,352,A,R,0.002269,0.08238,0.01585
C68.490 - BA2,352,A,S,0.002465,0.08238,0.01585
C68.490 - BA2,352,A,T,0.002144,0.08238,0.01585
C68.490 - BA2,352,A,Y,0.002749,0.08238,0.01585
C68.490 - BA2,353,W,F,0.01257,0.02412,0.01257
C68.490 - BA2,353,W,Y,0.01155,0.02412,0.01257
C68.490 - BA2,354,N,A,0.002661,0.03235,0.004467
C68.490 - BA2,354,N,D,0.003143,0.03235,0.004467
C68.490 - BA2,354,N,E,0.002438,0.03235,0.004467
C68.490 - BA2,354,N,G,0.004467,0.03235,0.004467
C68.490 - BA2,354,N,H,0.002782,0.03235,0.004467
C68.490 - BA2,354,N,K,0.003016,0.03235,0.004467
C68.490 - BA2,354,N,Q,0.002813,0.03235,0.004467
C68.490 - BA2,354,N,R,0.002365,0.03235,0.004467
C68.490 - BA2,354,N,S,0.003837,0.03235,0.004467
C68.490 - BA2,354,N,T,0.00216,0.03235,0.004467
C68.490 - BA2,354,N,V,0.002664,0.03235,0.004467
C68.490 - BA2,356,K,A,0.002979,0.0403,0.007085
C68.490 - BA2,356,K,H,0.007085,0.0403,0.007085
C68.490 - BA2,356,K,I,0.001815,0.0403,0.007085
C68.490 - BA2,356,K,L,0.003411,0.0403,0.007085
C68.490 - BA2,356,K,M,0.002224,0.0403,0.007085
C68.490 - BA2,356,K,Q,0.004408,0.0403,0.007085
C68.490 - BA2,356,K,R,0.002984,0.0403,0.007085
C68.490 - BA2,356,K,S,0.003618,0.0403,0.007085
C68.490 - BA2,356,K,T,0.003344,0.0403,0.007085
C68.490 - BA2,356,K,V,0.005972,0.0403,0.007085
C68.490 - BA2,356,K,Y,0.002458,0.0403,0.007085
C68.490 - BA2,357,R,A,0.004247,0.06542,0.01052
C68.490 - BA2,357,R,C,0.004675,0.06542,0.01052
C68.490 - BA2,357,R,D,0.002922,0.06542,0.01052
C68.490 - BA2,357,R,E,0.002674,0.06542,0.01052
C68.490 - BA2,357,R,F,0.002272,0.06542,0.01052
C68.490 - BA2,357,R,H,0.003205,0.06542,0.01052
C68.490 - BA2,357,R,I,0.003016,0.06542,0.01052
C68.490 - BA2,357,R,K,0.002977,0.06542,0.01052
C68.490 - BA2,357,R,L,0.01052,0.06542,0.01052
C68.490 - BA2,357,R,M,0.005555,0.06542,0.01052
C68.490 - BA2,357,R,N,0.003475,0.06542,0.01052
C68.490 - BA2,357,R,P,0.002614,0.06542,0.01052
C68.490 - BA2,357,R,Q,0.006966,0.06542,0.01052
C68.490 - BA2,357,R,S,0.002483,0.06542,0.01052
C68.490 - BA2,357,R,T,0.002611,0.06542,0.01052
C68.490 - BA2,357,R,V,0.002575,0.06542,0.01052
C68.490 - BA2,357,R,Y,0.002625,0.06542,0.01052
C68.490 - BA2,358,I,F,0.002865,0.01478,0.003495
C68.490 - BA2,358,I,L,0.003495,0.01478,0.003495
C68.490 - BA2,358,I,M,0.002968,0.01478,0.003495
C68.490 - BA2,358,I,W,0.002829,0.01478,0.003495
C68.490 - BA2,358,I,Y,0.002624,0.01478,0.003495
C68.490 - BA2,359,S,A,0.002978,0.05633,0.006985
C68.490 - BA2,359,S,C,0.006985,0.05633,0.006985
C68.490 - BA2,359,S,D,0.003416,0.05633,0.006985
C68.490 - BA2,359,S,E,0.003577,0.05633,0.006985
C68.490 - BA2,359,S,F,0.002693,0.05633,0.006985
C68.490 - BA2,359,S,G,0.002272,0.05633,0.006985
C68.490 - BA2,359,S,H,0.002565,0.05633,0.006985
C68.490 - BA2,359,S,I,0.006097,0.05633,0.006985
C68.490 - BA2,359,S,K,0.002132,0.05633,0.006985
C68.490 - BA2,359,S,M,0.002444,0.05633,0.006985
C68.490 - BA2,359,S,N,0.00263,0.05633,0.006985
C68.490 - BA2,359,S,P,0.002305,0.05633,0.006985
C68.490 - BA2,359,S,Q,0.002223,0.05633,0.006985
C68.490 - BA2,359,S,R,0.00435,0.05633,0.006985
C68.490 - BA2,359,S,T,0.003677,0.05633,0.006985
C68.490 - BA2,359,S,V,0.002797,0.05633,0.006985
C68.490 - BA2,359,S,Y,0.003189,0.05633,0.006985
C68.490 - BA2,360,N,A,0.003012,0.0199,0.004632
C68.490 - BA2,360,N,D,0.002835,0.0199,0.004632
C68.490 - BA2,360,N,E,0.004152,0.0199,0.004632
C68.490 - BA2,360,N,G,0.002807,0.0199,0.004632
C68.490 - BA2,360,N,H,0.004632,0.0199,0.004632
C68.490 - BA2,360,N,S,0.002458,0.0199,0.004632
C68.490 - BA2,362,V,A,0.005472,0.05671,0.006241
C68.490 - BA2,362,V,C,0.004922,0.05671,0.006241
C68.490 - BA2,362,V,D,0.002784,0.05671,0.006241
C68.490 - BA2,362,V,E,0.002947,0.05671,0.006241
C68.490 - BA2,362,V,F,0.00268,0.05671,0.006241
C68.490 - BA2,362,V,H,0.002812,0.05671,0.006241
C68.490 - BA2,362,V,I,0.002179,0.05671,0.006241
C68.490 - BA2,362,V,K,0.002385,0.05671,0.006241
C68.490 - BA2,362,V,L,0.004205,0.05671,0.006241
C68.490 - BA2,362,V,M,0.003262,0.05671,0.006241
C68.490 - BA2,362,V,N,0.002754,0.05671,0.006241
C68.490 - BA2,362,V,Q,0.002726,0.05671,0.006241
C68.490 - BA2,362,V,R,0.002518,0.05671,0.006241
C68.490 - BA2,362,V,S,0.002977,0.05671,0.006241
C68.490 - BA2,362,V,T,0.003098,0.05671,0.006241
C68.490 - BA2,362,V,W,0.002746,0.05671,0.006241
C68.490 - BA2,362,V,Y,0.006241,0.05671,0.006241
C68.490 - BA2,363,A,C,0.002612,0.05017,0.00868
C68.490 - BA2,363,A,F,0.002552,0.05017,0.00868
C68.490 - BA2,363,A,G,0.00374,0.05017,0.00868
C68.490 - BA2,363,A,I,0.002823,0.05017,0.00868
C68.490 - BA2,363,A,L,0.002744,0.05017,0.00868
C68.490 - BA2,363,A,M,0.003798,0.05017,0.00868
C68.490 - BA2,363,A,P,0.00255,0.05017,0.00868
C68.490 - BA2,363,A,Q,0.00868,0.05017,0.00868
C68.490 - BA2,363,A,S,0.005235,0.05017,0.00868
C68.490 - BA2,363,A,T,0.002935,0.05017,0.00868
C68.490 - BA2,363,A,V,0.00585,0.05017,0.00868
C68.490 - BA2,363,A,W,0.003097,0.05017,0.00868
C68.490 - BA2,363,A,Y,0.003549,0.05017,0.00868
C68.490 - BA2,364,D,L,0.005763,0.009053,0.005763
C68.490 - BA2,364,D,N,0.003291,0.009053,0.005763
C68.490 - BA2,365,Y,A,0.003351,0.04699,0.009509
C68.490 - BA2,365,Y,E,0.003134,0.04699,0.009509
C68.490 - BA2,365,Y,F,0.002728,0.04699,0.009509
C68.490 - BA2,365,Y,G,0.002278,0.04699,0.009509
C68.490 - BA2,365,Y,I,0.002189,0.04699,0.009509
C68.490 - BA2,365,Y,L,0.005466,0.04699,0.009509
C68.490 - BA2,365,Y,M,0.003973,0.04699,0.009509
C68.490 - BA2,365,Y,P,0.009509,0.04699,0.009509
C68.490 - BA2,365,Y,S,0.0059,0.04699,0.009509
C68.490 - BA2,365,Y,T,0.003081,0.04699,0.009509
C68.490 - BA2,365,Y,V,0.002784,0.04699,0.009509
C68.490 - BA2,365,Y,W,0.0026,0.04699,0.009509
C68.490 - BA2,366,S,A,0.002924,0.03384,0.003824
C68.490 - BA2,366,S,D,0.00242,0.03384,0.003824
C68.490 - BA2,366,S,E,0.003556,0.03384,0.003824
C68.490 - BA2,366,S,G,0.003165,0.03384,0.003824
C68.490 - BA2,366,S,H,0.002522,0.03384,0.003824
C68.490 - BA2,366,S,K,0.00297,0.03384,0.003824
C68.490 - BA2,366,S,M,0.003116,0.03384,0.003824
C68.490 - BA2,366,S,N,0.00264,0.03384,0.003824
C68.490 - BA2,366,S,Q,0.003258,0.03384,0.003824
C68.490 - BA2,366,S,R,0.003824,0.03384,0.003824
C68.490 - BA2,366,S,T,0.003444,0.03384,0.003824
C68.490 - BA2,367,V,A,0.004164,0.06103,0.005644
C68.490 - BA2,367,V,C,0.003084,0.06103,0.005644
C68.490 - BA2,367,V,D,0.005644,0.06103,0.005644
C68.490 - BA2,367,V,E,0.003052,0.06103,0.005644
C68.490 - BA2,367,V,F,0.002742,0.06103,0.005644
C68.490 - BA2,367,V,G,0.003047,0.06103,0.005644
C68.490 - BA2,367,V,H,0.002686,0.06103,0.005644
C68.490 - BA2,367,V,I,0.002843,0.06103,0.005644
C68.490 - BA2,367,V,K,0.002461,0.06103,0.005644
C68.490 - BA2,367,V,L,0.004437,0.06103,0.005644
C68.490 - BA2,367,V,M,0.003749,0.06103,0.005644
C68.490 - BA2,367,V,N,0.003295,0.06103,0.005644
C68.490 - BA2,367,V,Q,0.004381,0.06103,0.005644
C68.490 - BA2,367,V,R,0.00335,0.06103,0.005644
C68.490 - BA2,367,V,S,0.002664,0.06103,0.005644
C68.490 - BA2,367,V,T,0.003528,0.06103,0.005644
C68.490 - BA2,367,V,W,0.003141,0.06103,0.005644
C68.490 - BA2,367,V,Y,0.002761,0.06103,0.005644
C68.490 - BA2,368,L,F,0.003018,0.01801,0.005744
C68.490 - BA2,368,L,I,0.005744,0.01801,0.005744
C68.490 - BA2,368,L,M,0.005309,0.01801,0.005744
C68.490 - BA2,368,L,V,0.003939,0.01801,0.005744
C68.490 - BA2,369,Y,A,0.002605,0.06661,0.007117
C68.490 - BA2,369,Y,C,0.002483,0.06661,0.007117
C68.490 - BA2,369,Y,D,0.00334,0.06661,0.007117
C68.490 - BA2,369,Y,E,0.005008,0.06661,0.007117
C68.490 - BA2,369,Y,F,0.002284,0.06661,0.007117
C68.490 - BA2,369,Y,G,0.004953,0.06661,0.007117
C68.490 - BA2,369,Y,H,0.002813,0.06661,0.007117
C68.490 - BA2,369,Y,I,0.005197,0.06661,0.007117
C68.490 - BA2,369,Y,K,0.002495,0.06661,0.007117
C68.490 - BA2,369,Y,L,0.002833,0.06661,0.007117
C68.490 - BA2,369,Y,M,0.003497,0.06661,0.007117
C68.490 - BA2,369,Y,N,0.003046,0.06661,0.007117
C68.490 - BA2,369,Y,P,0.003149,0.06661,0.007117
C68.490 - BA2,369,Y,Q,0.00221,0.06661,0.007117
C68.490 - BA2,369,Y,R,0.007117,0.06661,0.007117
C68.490 - BA2,369,Y,S,0.005603,0.06661,0.007117
C68.490 - BA2,369,Y,T,0.002989,0.06661,0.007117
C68.490 - BA2,369,Y,V,0.002467,0.06661,0.007117
C68.490 - BA2,369,Y,W,0.00252,0.06661,0.007117
C68.490 - BA2,370,N,A,0.002836,0.0454,0.005245
C68.490 - BA2,370,N,D,0.002779,0.0454,0.005245
C68.490 - BA2,370,N,E,0.00514,0.0454,0.005245
C68.490 - BA2,370,N,G,0.003444,0.0454,0.005245
C68.490 - BA2,370,N,H,0.002405,0.0454,0.005245
C68.490 - BA2,370,N,K,0.002552,0.0454,0.005245
C68.490 - BA2,370,N,L,0.002692,0.0454,0.005245
C68.490 - BA2,370,N,M,0.002253,0.0454,0.005245
C68.490 - BA2,370,N,P,0.002662,0.0454,0.005245
C68.490 - BA2,370,N,Q,0.00339,0.0454,0.005245
C68.490 - BA2,370,N,R,0.005245,0.0454,0.005245
C68.490 - BA2,370,N,S,0.002711,0.0454,0.005245
C68.490 - BA2,370,N,T,0.002284,0.0454,0.005245
C68.490 - BA2,370,N,Y,0.005,0.0454,0.005245
C68.490 - BA2,371,F,A,0.003292,0.05739,0.006801
C68.490 - BA2,371,F,C,0.002736,0.05739,0.006801
C68.490 - BA2,371,F,D,0.006801,0.05739,0.006801
C68.490 - BA2,371,F,E,0.003023,0.05739,0.006801
C68.490 - BA2,371,F,G,0.002539,0.05739,0.006801
C68.490 - BA2,371,F,H,0.00238,0.05739,0.006801
C68.490 - BA2,371,F,I,0.002972,0.05739,0.006801
C68.490 - BA2,371,F,K,0.003417,0.05739,0.006801
C68.490 - BA2,371,F,L,0.00281,0.05739,0.006801
C68.490 - BA2,371,F,M,0.003726,0.05739,0.006801
C68.490 - BA2,371,F,N,0.00367,0.05739,0.006801
C68.490 - BA2,371,F,Q,0.002638,0.05739,0.006801
C68.490 - BA2,371,F,R,0.002598,0.05739,0.006801
C68.490 - BA2,371,F,S,0.003433,0.05739,0.006801
C68.490 - BA2,371,F,T,0.003128,0.05739,0.006801
C68.490 - BA2,371,F,V,0.002706,0.05739,0.006801
C68.490 - BA2,371,F,W,0.002534,0.05739,0.006801
C68.490 - BA2,371,F,Y,0.002987,0.05739,0.006801
C68.490 - BA2,372,A,E,0.004476,0.063,0.01016
C68.490 - BA2,372,A,F,0.008219,0.063,0.01016
C68.490 - BA2,372,A,G,0.002415,0.063,0.01016
C68.490 - BA2,372,A,H,0.003274,0.063,0.01016
C68.490 - BA2,372,A,I,0.002785,0.063,0.01016
C68.490 - BA2,372,A,K,0.002647,0.063,0.01016
C68.490 - BA2,372,A,L,0.002786,0.063,0.01016
C68.490 - BA2,372,A,M,0.003042,0.063,0.01016
C68.490 - BA2,372,A,N,0.003161,0.063,0.01016
C68.490 - BA2,372,A,Q,0.002713,0.063,0.01016
C68.490 - BA2,372,A,R,0.003839,0.063,0.01016
C68.490 - BA2,372,A,S,0.01016,0.063,0.01016
C68.490 - BA2,372,A,T,0.00255,0.063,0.01016
C68.490 - BA2,372,A,V,0.003546,0.063,0.01016
C68.490 - BA2,372,A,Y,0.007391,0.063,0.01016
C68.490 - BA2,373,P,A,0.003293,0.04183,0.006611
C68.490 - BA2,373,P,D,0.005364,0.04183,0.006611
C68.490 - BA2,373,P,E,0.002747,0.04183,0.006611
C68.490 - BA2,373,P,G,0.002558,0.04183,0.006611
C68.490 - BA2,373,P,H,0.003002,0.04183,0.006611
C68.490 - BA2,373,P,K,0.00297,0.04183,0.006611
C68.490 - BA2,373,P,N,0.003986,0.04183,0.006611
C68.490 - BA2,373,P,Q,0.002953,0.04183,0.006611
C68.490 - BA2,373,P,R,0.003051,0.04183,0.006611
C68.490 - BA2,373,P,S,0.006611,0.04183,0.006611
C68.490 - BA2,373,P,T,0.002585,0.04183,0.006611
C68.490 - BA2,373,P,Y,0.002715,0.04183,0.006611
C68.490 - BA2,374,F,A,0.002408,0.05831,0.004981
C68.490 - BA2,374,F,C,0.002527,0.05831,0.004981
C68.490 - BA2,374,F,D,0.003566,0.05831,0.004981
C68.490 - BA2,374,F,E,0.002879,0.05831,0.004981
C68.490 - BA2,374,F,G,0.002609,0.05831,0.004981
C68.490 - BA2,374,F,H,0.004981,0.05831,0.004981
C68.490 - BA2,374,F,I,0.002166,0.05831,0.004981
C68.490 - BA2,374,F,K,0.002331,0.05831,0.004981
C68.490 - BA2,374,F,L,0.003804,0.05831,0.004981
C68.490 - BA2,374,F,M,0.002953,0.05831,0.004981
C68.490 - BA2,374,F,N,0.002798,0.05831,0.004981
C68.490 - BA2,374,F,P,0.002456,0.05831,0.004981
C68.490 - BA2,374,F,Q,0.003135,0.05831,0.004981
C68.490 - BA2,374,F,R,0.002895,0.05831,0.004981
C68.490 - BA2,374,F,S,0.003044,0.05831,0.004981
C68.490 - BA2,374,F,T,0.002822,0.05831,0.004981
C68.490 - BA2,374,F,V,0.003538,0.05831,0.004981
C68.490 - BA2,374,F,W,0.002653,0.05831,0.004981
C68.490 - BA2,374,F,Y,0.004743,0.05831,0.004981
C68.490 - BA2,375,F,A,0.002544,0.06388,0.008511
C68.490 - BA2,375,F,C,0.002724,0.06388,0.008511
C68.490 - BA2,375,F,D,0.002892,0.06388,0.008511
C68.490 - BA2,375,F,E,0.003039,0.06388,0.008511
C68.490 - BA2,375,F,G,0.003774,0.06388,0.008511
C68.490 - BA2,375,F,H,0.003358,0.06388,0.008511
C68.490 - BA2,375,F,I,0.002705,0.06388,0.008511
C68.490 - BA2,375,F,K,0.002799,0.06388,0.008511
C68.490 - BA2,375,F,L,0.005549,0.06388,0.008511
C68.490 - BA2,375,F,M,0.002953,0.06388,0.008511
C68.490 - BA2,375,F,N,0.00288,0.06388,0.008511
C68.490 - BA2,375,F,P,0.002553,0.06388,0.008511
C68.490 - BA2,375,F,Q,0.003288,0.06388,0.008511
C68.490 - BA2,375,F,R,0.002771,0.06388,0.008511
C68.490 - BA2,375,F,S,0.002721,0.06388,0.008511
C68.490 - BA2,375,F,T,0.002808,0.06388,0.008511
C68.490 - BA2,375,F,V,0.002696,0.06388,0.008511
C68.490 - BA2,375,F,W,0.003315,0.06388,0.008511
C68.490 - BA2,375,F,Y,0.008511,0.06388,0.008511
C68.490 - BA2,376,A,C,0.002666,0.05683,0.007344
C68.490 - BA2,376,A,D,0.003874,0.05683,0.007344
C68.490 - BA2,376,A,E,0.007344,0.05683,0.007344
C68.490 - BA2,376,A,F,0.00261,0.05683,0.007344
C68.490 - BA2,376,A,G,0.002579,0.05683,0.007344
C68.490 - BA2,376,A,H,0.002776,0.05683,0.007344
C68.490 - BA2,376,A,I,0.003379,0.05683,0.007344
C68.490 - BA2,376,A,K,0.002433,0.05683,0.007344
C68.490 - BA2,376,A,L,0.002399,0.05683,0.007344
C68.490 - BA2,376,A,M,0.002831,0.05683,0.007344
C68.490 - BA2,376,A,N,0.00271,0.05683,0.007344
C68.490 - BA2,376,A,Q,0.005933,0.05683,0.007344
C68.490 - BA2,376,A,R,0.00232,0.05683,0.007344
C68.490 - BA2,376,A,S,0.002373,0.05683,0.007344
C68.490 - BA2,376,A,T,0.002988,0.05683,0.007344
C68.490 - BA2,376,A,V,0.002692,0.05683,0.007344
C68.490 - BA2,376,A,W,0.002594,0.05683,0.007344
C68.490 - BA2,376,A,Y,0.002329,0.05683,0.007344
C68.490 - BA2,377,F,A,0.002992,0.03058,0.01077
C68.490 - BA2,377,F,I,0.002335,0.03058,0.01077
C68.490 - BA2,377,F,L,0.002645,0.03058,0.01077
C68.490 - BA2,377,F,M,0.003167,0.03058,0.01077
C68.490 - BA2,377,F,T,0.002861,0.03058,0.01077
C68.490 - BA2,377,F,V,0.002892,0.03058,0.01077
C68.490 - BA2,377,F,W,0.002916,0.03058,0.01077
C68.490 - BA2,377,F,Y,0.01077,0.03058,0.01077
C68.490 - BA2,378,K,D,0.8658,0.925,0.8658
C68.490 - BA2,378,K,E,0.02394,0.925,0.8658
C68.490 - BA2,378,K,H,0.005064,0.925,0.8658
C68.490 - BA2,378,K,N,0.002664,0.925,0.8658
C68.490 - BA2,378,K,Q,0.008611,0.925,0.8658
C68.490 - BA2,378,K,R,0.01411,0.925,0.8658
C68.490 - BA2,378,K,S,0.002309,0.925,0.8658
C68.490 - BA2,378,K,T,0.002476,0.925,0.8658
C68.490 - BA2,380,Y,F,0.003445,0.006503,0.003445
C68.490 - BA2,380,Y,W,0.003058,0.006503,0.003445
C68.490 - BA2,381,G,H,0.002442,0.02185,0.008325
C68.490 - BA2,381,G,K,0.002849,0.02185,0.008325
C68.490 - BA2,381,G,N,0.003943,0.02185,0.008325
C68.490 - BA2,381,G,Q,0.008325,0.02185,0.008325
C68.490 - BA2,381,G,R,0.004287,0.02185,0.008325
C68.490 - BA2,382,V,C,0.002668,0.01688,0.003122
C68.490 - BA2,382,V,F,0.002689,0.01688,0.003122
C68.490 - BA2,382,V,I,0.002703,0.01688,0.003122
C68.490 - BA2,382,V,L,0.002994,0.01688,0.003122
C68.490 - BA2,382,V,M,0.002703,0.01688,0.003122
C68.490 - BA2,382,V,T,0.003122,0.01688,0.003122
C68.490 - BA2,383,S,A,0.002366,0.07947,0.0299
C68.490 - BA2,383,S,C,0.003118,0.07947,0.0299
C68.490 - BA2,383,S,D,0.0299,0.07947,0.0299
C68.490 - BA2,383,S,E,0.005655,0.07947,0.0299
C68.490 - BA2,383,S,G,0.00274,0.07947,0.0299
C68.490 - BA2,383,S,H,0.004224,0.07947,0.0299
C68.490 - BA2,383,S,I,0.002703,0.07947,0.0299
C68.490 - BA2,383,S,K,0.003863,0.07947,0.0299
C68.490 - BA2,383,S,L,0.003076,0.07947,0.0299
C68.490 - BA2,383,S,M,0.002562,0.07947,0.0299
C68.490 - BA2,383,S,N,0.002704,0.07947,0.0299
C68.490 - BA2,383,S,P,0.002492,0.07947,0.0299
C68.490 - BA2,383,S,Q,0.003176,0.07947,0.0299
C68.490 - BA2,383,S,R,0.001966,0.07947,0.0299
C68.490 - BA2,383,S,T,0.002713,0.07947,0.0299
C68.490 - BA2,383,S,V,0.002209,0.07947,0.0299
C68.490 - BA2,383,S,Y,0.003995,0.07947,0.0299
C68.490 - BA2,384,P,A,0.002494,0.9748,0.9146
C68.490 - BA2,384,P,D,0.9146,0.9748,0.9146
C68.490 - BA2,384,P,E,0.003128,0.9748,0.9146
C68.490 - BA2,384,P,F,0.005796,0.9748,0.9146
C68.490 - BA2,384,P,G,0.005688,0.9748,0.9146
C68.490 - BA2,384,P,H,0.002766,0.9748,0.9146
C68.490 - BA2,384,P,I,0.003247,0.9748,0.9146
C68.490 - BA2,384,P,K,0.003014,0.9748,0.9146
C68.490 - BA2,384,P,L,0.004571,0.9748,0.9146
C68.490 - BA2,384,P,M,0.00265,0.9748,0.9146
C68.490 - BA2,384,P,N,0.00311,0.9748,0.9146
C68.490 - BA2,384,P,Q,0.004828,0.9748,0.9146
C68.490 - BA2,384,P,R,0.00211,0.9748,0.9146
C68.490 - BA2,384,P,S,0.002582,0.9748,0.9146
C68.490 - BA2,384,P,T,0.003046,0.9748,0.9146
C68.490 - BA2,384,P,V,0.00327,0.9748,0.9146
C68.490 - BA2,384,P,W,0.003026,0.9748,0.9146
C68.490 - BA2,384,P,Y,0.004876,0.9748,0.9146
C68.490 - BA2,385,T,A,0.00281,0.09622,0.02796
C68.490 - BA2,385,T,C,0.002493,0.09622,0.02796
C68.490 - BA2,385,T,D,0.004822,0.09622,0.02796
C68.490 - BA2,385,T,E,0.004779,0.09622,0.02796
C68.490 - BA2,385,T,F,0.002275,0.09622,0.02796
C68.490 - BA2,385,T,G,0.00299,0.09622,0.02796
C68.490 - BA2,385,T,H,0.00262,0.09622,0.02796
C68.490 - BA2,385,T,I,0.002671,0.09622,0.02796
C68.490 - BA2,385,T,K,0.003388,0.09622,0.02796
C68.490 - BA2,385,T,L,0.004398,0.09622,0.02796
C68.490 - BA2,385,T,M,0.01143,0.09622,0.02796
C68.490 - BA2,385,T,N,0.002406,0.09622,0.02796
C68.490 - BA2,385,T,P,0.02796,0.09622,0.02796
C68.490 - BA2,385,T,Q,0.007028,0.09622,0.02796
C68.490 - BA2,385,T,R,0.00274,0.09622,0.02796
C68.490 - BA2,385,T,S,0.002461,0.09622,0.02796
C68.490 - BA2,385,T,V,0.003356,0.09622,0.02796
C68.490 - BA2,385,T,W,0.002871,0.09622,0.02796
C68.490 - BA2,385,T,Y,0.002723,0.09622,0.02796
C68.490 - BA2,386,K,A,0.002078,0.05429,0.007786
C68.490 - BA2,386,K,C,0.003219,0.05429,0.007786
C68.490 - BA2,386,K,D,0.003285,0.05429,0.007786
C68.490 - BA2,386,K,E,0.004973,0.05429,0.007786
C68.490 - BA2,386,K,G,0.003134,0.05429,0.007786
C68.490 - BA2,386,K,H,0.007786,0.05429,0.007786
C68.490 - BA2,386,K,I,0.003885,0.05429,0.007786
C68.490 - BA2,386,K,L,0.005137,0.05429,0.007786
C68.490 - BA2,386,K,M,0.002629,0.05429,0.007786
C68.490 - BA2,386,K,N,0.00368,0.05429,0.007786
C68.490 - BA2,386,K,Q,0.002851,0.05429,0.007786
C68.490 - BA2,386,K,R,0.002909,0.05429,0.007786
C68.490 - BA2,386,K,S,0.002439,0.05429,0.007786
C68.490 - BA2,386,K,T,0.003341,0.05429,0.007786
C68.490 - BA2,386,K,V,0.002941,0.05429,0.007786
C68.490 - BA2,387,L,I,0.002434,0.0174,0.01159
C68.490 - BA2,387,L,M,0.01159,0.0174,0.01159
C68.490 - BA2,387,L,W,0.003377,0.0174,0.01159
C68.490 - BA2,388,N,A,0.007075,0.04547,0.007075
C68.490 - BA2,388,N,D,0.002133,0.04547,0.007075
C68.490 - BA2,388,N,E,0.002589,0.04547,0.007075
C68.490 - BA2,388,N,G,0.005435,0.04547,0.007075
C68.490 - BA2,388,N,H,0.002448,0.04547,0.007075
C68.490 - BA2,388,N,K,0.003061,0.04547,0.007075
C68.490 - BA2,388,N,M,0.002925,0.04547,0.007075
C68.490 - BA2,388,N,P,0.004589,0.04547,0.007075
C68.490 - BA2,388,N,Q,0.003318,0.04547,0.007075
C68.490 - BA2,388,N,R,0.002484,0.04547,0.007075
C68.490 - BA2,388,N,S,0.003666,0.04547,0.007075
C68.490 - BA2,388,N,T,0.003333,0.04547,0.007075
C68.490 - BA2,388,N,V,0.002409,0.04547,0.007075
C68.490 - BA2,389,D,A,0.002596,0.04198,0.006884
C68.490 - BA2,389,D,E,0.002584,0.04198,0.006884
C68.490 - BA2,389,D,G,0.002928,0.04198,0.006884
C68.490 - BA2,389,D,H,0.002644,0.04198,0.006884
C68.490 - BA2,389,D,K,0.003007,0.04198,0.006884
C68.490 - BA2,389,D,M,0.002864,0.04198,0.006884
C68.490 - BA2,389,D,N,0.003058,0.04198,0.006884
C68.490 - BA2,389,D,Q,0.006884,0.04198,0.006884
C68.490 - BA2,389,D,R,0.00226,0.04198,0.006884
C68.490 - BA2,389,D,S,0.00682,0.04198,0.006884
C68.490 - BA2,389,D,T,0.002845,0.04198,0.006884
C68.490 - BA2,389,D,Y,0.003489,0.04198,0.006884
C68.490 - BA2,390,L,A,0.002442,0.04515,0.004091
C68.490 - BA2,390,L,C,0.002033,0.04515,0.004091
C68.490 - BA2,390,L,E,0.002806,0.04515,0.004091
C68.490 - BA2,390,L,F,0.002748,0.04515,0.004091
C68.490 - BA2,390,L,G,0.003075,0.04515,0.004091
C68.490 - BA2,390,L,H,0.002535,0.04515,0.004091
C68.490 - BA2,390,L,I,0.002358,0.04515,0.004091
C68.490 - BA2,390,L,K,0.002519,0.04515,0.004091
C68.490 - BA2,390,L,M,0.002872,0.04515,0.004091
C68.490 - BA2,390,L,N,0.003247,0.04515,0.004091
C68.490 - BA2,390,L,Q,0.002551,0.04515,0.004091
C68.490 - BA2,390,L,R,0.004091,0.04515,0.004091
C68.490 - BA2,390,L,S,0.003208,0.04515,0.004091
C68.490 - BA2,390,L,T,0.002918,0.04515,0.004091
C68.490 - BA2,390,L,V,0.002789,0.04515,0.004091
C68.490 - BA2,390,L,Y,0.002962,0.04515,0.004091
C68.490 - BA2,393,T,A,0.01138,0.06261,0.01138
C68.490 - BA2,393,T,C,0.0024,0.06261,0.01138
C68.490 - BA2,393,T,D,0.002757,0.06261,0.01138
C68.490 - BA2,393,T,E,0.006156,0.06261,0.01138
C68.490 - BA2,393,T,G,0.003018,0.06261,0.01138
C68.490 - BA2,393,T,H,0.002088,0.06261,0.01138
C68.490 - BA2,393,T,I,0.002585,0.06261,0.01138
C68.490 - BA2,393,T,K,0.002774,0.06261,0.01138
C68.490 - BA2,393,T,L,0.004468,0.06261,0.01138
C68.490 - BA2,393,T,M,0.003736,0.06261,0.01138
C68.490 - BA2,393,T,N,0.002407,0.06261,0.01138
C68.490 - BA2,393,T,Q,0.00283,0.06261,0.01138
C68.490 - BA2,393,T,R,0.006194,0.06261,0.01138
C68.490 - BA2,393,T,S,0.002956,0.06261,0.01138
C68.490 - BA2,393,T,V,0.00416,0.06261,0.01138
C68.490 - BA2,393,T,Y,0.002699,0.06261,0.01138
C68.490 - BA2,394,N,A,0.002439,0.0716,0.01282
C68.490 - BA2,394,N,C,0.002353,0.0716,0.01282
C68.490 - BA2,394,N,D,0.002543,0.0716,0.01282
C68.490 - BA2,394,N,E,0.003644,0.0716,0.01282
C68.490 - BA2,394,N,F,0.002538,0.0716,0.01282
C68.490 - BA2,394,N,G,0.002336,0.0716,0.01282
C68.490 - BA2,394,N,H,0.002383,0.0716,0.01282
C68.490 - BA2,394,N,I,0.005756,0.0716,0.01282
C68.490 - BA2,394,N,K,0.004816,0.0716,0.01282
C68.490 - BA2,394,N,L,0.002554,0.0716,0.01282
C68.490 - BA2,394,N,M,0.002367,0.0716,0.01282
C68.490 - BA2,394,N,P,0.003786,0.0716,0.01282
C68.490 - BA2,394,N,Q,0.004801,0.0716,0.01282
C68.490 - BA2,394,N,R,0.004397,0.0716,0.01282
C68.490 - BA2,394,N,S,0.01282,0.0716,0.01282
C68.490 - BA2,394,N,T,0.00378,0.0716,0.01282
C68.490 - BA2,394,N,V,0.00252,0.0716,0.01282
C68.490 - BA2,394,N,W,0.002722,0.0716,0.01282
C68.490 - BA2,394,N,Y,0.003044,0.0716,0.01282
C68.490 - BA2,395,V,A,0.002268,0.02737,0.007346
C68.490 - BA2,395,V,C,0.002661,0.02737,0.007346
C68.490 - BA2,395,V,F,0.003035,0.02737,0.007346
C68.490 - BA2,395,V,G,0.002556,0.02737,0.007346
C68.490 - BA2,395,V,I,0.006729,0.02737,0.007346
C68.490 - BA2,395,V,L,0.007346,0.02737,0.007346
C68.490 - BA2,395,V,M,0.002771,0.02737,0.007346
C68.490 - BA2,396,Y,F,0.006414,0.04413,0.008416
C68.490 - BA2,396,Y,H,0.003831,0.04413,0.008416
C68.490 - BA2,396,Y,I,0.002804,0.04413,0.008416
C68.490 - BA2,396,Y,L,0.008416,0.04413,0.008416
C68.490 - BA2,396,Y,M,0.003794,0.04413,0.008416
C68.490 - BA2,396,Y,N,0.002566,0.04413,0.008416
C68.490 - BA2,396,Y,S,0.006692,0.04413,0.008416
C68.490 - BA2,396,Y,T,0.00392,0.04413,0.008416
C68.490 - BA2,396,Y,V,0.002817,0.04413,0.008416
C68.490 - BA2,396,Y,W,0.002881,0.04413,0.008416
C68.490 - BA2,397,A,C,0.002643,0.02281,0.007017
C68.490 - BA2,397,A,I,0.004415,0.02281,0.007017
C68.490 - BA2,397,A,L,0.007017,0.02281,0.007017
C68.490 - BA2,397,A,M,0.003698,0.02281,0.007017
C68.490 - BA2,397,A,V,0.005036,0.02281,0.007017
C68.490 - BA2,399,S,T,0.008022,0.008022,0.008022
C68.490 - BA2,401,V,I,0.005104,0.008216,0.005104
C68.490 - BA2,401,V,T,0.003111,0.008216,0.005104
C68.490 - BA2,402,I,C,0.007584,0.01295,0.007584
C68.490 - BA2,402,I,L,0.003127,0.01295,0.007584
C68.490 - BA2,402,I,V,0.002242,0.01295,0.007584
C68.490 - BA2,403,R,A,0.003003,0.03758,0.007661
C68.490 - BA2,403,R,C,0.003006,0.03758,0.007661
C68.490 - BA2,403,R,D,0.002234,0.03758,0.007661
C68.490 - BA2,403,R,E,0.002241,0.03758,0.007661
C68.490 - BA2,403,R,G,0.002671,0.03758,0.007661
C68.490 - BA2,403,R,K,0.003213,0.03758,0.007661
C68.490 - BA2,403,R,M,0.002549,0.03758,0.007661
C68.490 - BA2,403,R,N,0.002495,0.03758,0.007661
C68.490 - BA2,403,R,P,0.002678,0.03758,0.007661
C68.490 - BA2,403,R,Q,0.002897,0.03758,0.007661
C68.490 - BA2,403,R,S,0.002929,0.03758,0.007661
C68.490 - BA2,403,R,T,0.007661,0.03758,0.007661
C68.490 - BA2,404,G,A,0.003498,0.02515,0.01228
C68.490 - BA2,404,G,E,0.004427,0.02515,0.01228
C68.490 - BA2,404,G,K,0.002297,0.02515,0.01228
C68.490 - BA2,404,G,Q,0.002641,0.02515,0.01228
C68.490 - BA2,404,G,R,0.01228,0.02515,0.01228
C68.490 - BA2,405,N,A,0.002326,0.05245,0.004962
C68.490 - BA2,405,N,C,0.002546,0.05245,0.004962
C68.490 - BA2,405,N,D,0.002296,0.05245,0.004962
C68.490 - BA2,405,N,E,0.002715,0.05245,0.004962
C68.490 - BA2,405,N,F,0.002961,0.05245,0.004962
C68.490 - BA2,405,N,G,0.002724,0.05245,0.004962
C68.490 - BA2,405,N,H,0.002673,0.05245,0.004962
C68.490 - BA2,405,N,I,0.003081,0.05245,0.004962
C68.490 - BA2,405,N,K,0.00245,0.05245,0.004962
C68.490 - BA2,405,N,L,0.003095,0.05245,0.004962
C68.490 - BA2,405,N,M,0.002893,0.05245,0.004962
C68.490 - BA2,405,N,Q,0.003516,0.05245,0.004962
C68.490 - BA2,405,N,R,0.003241,0.05245,0.004962
C68.490 - BA2,405,N,S,0.003825,0.05245,0.004962
C68.490 - BA2,405,N,T,0.004962,0.05245,0.004962
C68.490 - BA2,405,N,V,0.004892,0.05245,0.004962
C68.490 - BA2,405,N,Y,0.002254,0.05245,0.004962
C68.490 - BA2,406,E,D,0.003221,0.009897,0.004277
C68.490 - BA2,406,E,H,0.002399,0.009897,0.004277
C68.490 - BA2,406,E,Q,0.004277,0.009897,0.004277
C68.490 - BA2,407,V,I,0.002333,0.009658,0.004562
C68.490 - BA2,407,V,L,0.004562,0.009658,0.004562
C68.490 - BA2,407,V,M,0.002764,0.009658,0.004562
C68.490 - BA2,408,S,A,0.00342,0.04983,0.006736
C68.490 - BA2,408,S,C,0.003108,0.04983,0.006736
C68.490 - BA2,408,S,D,0.004384,0.04983,0.006736
C68.490 - BA2,408,S,E,0.003387,0.04983,0.006736
C68.490 - BA2,408,S,G,0.002834,0.04983,0.006736
C68.490 - BA2,408,S,H,0.003032,0.04983,0.006736
C68.490 - BA2,408,S,K,0.002775,0.04983,0.006736
C68.490 - BA2,408,S,M,0.002543,0.04983,0.006736
C68.490 - BA2,408,S,N,0.002445,0.04983,0.006736
C68.490 - BA2,408,S,P,0.003191,0.04983,0.006736
C68.490 - BA2,408,S,Q,0.002389,0.04983,0.006736
C68.490 - BA2,408,S,R,0.003422,0.04983,0.006736
C68.490 - BA2,408,S,T,0.003483,0.04983,0.006736
C68.490 - BA2,408,S,V,0.006736,0.04983,0.006736
C68.490 - BA2,408,S,Y,0.002679,0.04983,0.006736
C68.490 - BA2,409,Q,E,0.003425,0.003425,0.003425
C68.490 - BA2,410,I,V,0.002486,0.002486,0.002486
C68.490 - BA2,411,A,G,0.007326,0.01259,0.007326
C68.490 - BA2,411,A,Q,0.002504,0.01259,0.007326
C68.490 - BA2,411,A,R,0.00276,0.01259,0.007326
C68.490 - BA2,413,G,A,0.005241,0.0441,0.009984
C68.490 - BA2,413,G,C,0.00302,0.0441,0.009984
C68.490 - BA2,413,G,F,0.009984,0.0441,0.009984
C68.490 - BA2,413,G,H,0.002842,0.0441,0.009984
C68.490 - BA2,413,G,K,0.003596,0.0441,0.009984
C68.490 - BA2,413,G,L,0.002158,0.0441,0.009984
C68.490 - BA2,413,G,M,0.002594,0.0441,0.009984
C68.490 - BA2,413,G,N,0.002975,0.0441,0.009984
C68.490 - BA2,413,G,Q,0.002437,0.0441,0.009984
C68.490 - BA2,413,G,R,0.003659,0.0441,0.009984
C68.490 - BA2,413,G,S,0.002664,0.0441,0.009984
C68.490 - BA2,413,G,Y,0.002931,0.0441,0.009984
C68.490 - BA2,414,Q,A,0.002373,0.02719,0.004224
C68.490 - BA2,414,Q,E,0.003197,0.02719,0.004224
C68.490 - BA2,414,Q,G,0.002792,0.02719,0.004224
C68.490 - BA2,414,Q,K,0.002927,0.02719,0.004224
C68.490 - BA2,414,Q,M,0.002543,0.02719,0.004224
C68.490 - BA2,414,Q,R,0.003452,0.02719,0.004224
C68.490 - BA2,414,Q,S,0.002331,0.02719,0.004224
C68.490 - BA2,414,Q,T,0.003354,0.02719,0.004224
C68.490 - BA2,414,Q,V,0.004224,0.02719,0.004224
C68.490 - BA2,415,T,A,0.00277,0.04441,0.006816
C68.490 - BA2,415,T,C,0.002112,0.04441,0.006816
C68.490 - BA2,415,T,D,0.002254,0.04441,0.006816
C68.490 - BA2,415,T,E,0.002563,0.04441,0.006816
C68.490 - BA2,415,T,G,0.002342,0.04441,0.006816
C68.490 - BA2,415,T,H,0.00387,0.04441,0.006816
C68.490 - BA2,415,T,I,0.002848,0.04441,0.006816
C68.490 - BA2,415,T,K,0.003584,0.04441,0.006816
C68.490 - BA2,415,T,M,0.006816,0.04441,0.006816
C68.490 - BA2,415,T,N,0.002841,0.04441,0.006816
C68.490 - BA2,415,T,Q,0.002662,0.04441,0.006816
C68.490 - BA2,415,T,R,0.002681,0.04441,0.006816
C68.490 - BA2,415,T,S,0.00412,0.04441,0.006816
C68.490 - BA2,415,T,V,0.002951,0.04441,0.006816
C68.490 - BA2,417,N,A,0.002751,0.07754,0.01739
C68.490 - BA2,417,N,C,0.002878,0.07754,0.01739
C68.490 - BA2,417,N,D,0.002756,0.07754,0.01739
C68.490 - BA2,417,N,E,0.004198,0.07754,0.01739
C68.490 - BA2,417,N,F,0.002689,0.07754,0.01739
C68.490 - BA2,417,N,G,0.003595,0.07754,0.01739
C68.490 - BA2,417,N,H,0.003013,0.07754,0.01739
C68.490 - BA2,417,N,I,0.002654,0.07754,0.01739
C68.490 - BA2,417,N,K,0.002587,0.07754,0.01739
C68.490 - BA2,417,N,L,0.002808,0.07754,0.01739
C68.490 - BA2,417,N,M,0.004703,0.07754,0.01739
C68.490 - BA2,417,N,P,0.002723,0.07754,0.01739
C68.490 - BA2,417,N,Q,0.003047,0.07754,0.01739
C68.490 - BA2,417,N,R,0.01739,0.07754,0.01739
C68.490 - BA2,417,N,S,0.00302,0.07754,0.01739
C68.490 - BA2,417,N,T,0.002581,0.07754,0.01739
C68.490 - BA2,417,N,V,0.00312,0.07754,0.01739
C68.490 - BA2,417,N,W,0.002906,0.07754,0.01739
C68.490 - BA2,417,N,Y,0.008118,0.07754,0.01739
C68.490 - BA2,418,I,V,0.006871,0.006871,0.006871
C68.490 - BA2,419,A,P,0.0035,0.0035,0.0035
C68.490 - BA2,420,D,A,0.003605,0.03044,0.004733
C68.490 - BA2,420,D,E,0.002914,0.03044,0.004733
C68.490 - BA2,420,D,K,0.00261,0.03044,0.004733
C68.490 - BA2,420,D,L,0.002674,0.03044,0.004733
C68.490 - BA2,420,D,M,0.002376,0.03044,0.004733
C68.490 - BA2,420,D,N,0.00305,0.03044,0.004733
C68.490 - BA2,420,D,Q,0.00351,0.03044,0.004733
C68.490 - BA2,420,D,R,0.004733,0.03044,0.004733
C68.490 - BA2,420,D,S,0.002554,0.03044,0.004733
C68.490 - BA2,420,D,T,0.00241,0.03044,0.004733
C68.490 - BA2,421,Y,F,0.003135,0.01846,0.003825
C68.490 - BA2,421,Y,H,0.00265,0.01846,0.003825
C68.490 - BA2,421,Y,L,0.003825,0.01846,0.003825
C68.490 - BA2,421,Y,M,0.002534,0.01846,0.003825
C68.490 - BA2,421,Y,N,0.003183,0.01846,0.003825
C68.490 - BA2,421,Y,W,0.003134,0.01846,0.003825
C68.490 - BA2,424,K,H,0.01281,0.01558,0.01281
C68.490 - BA2,424,K,R,0.002775,0.01558,0.01281
C68.490 - BA2,425,L,I,0.0025,0.01297,0.007069
C68.490 - BA2,425,L,M,0.007069,0.01297,0.007069
C68.490 - BA2,425,L,V,0.0034,0.01297,0.007069
C68.490 - BA2,427,D,A,0.002096,0.05545,0.005376
C68.490 - BA2,427,D,E,0.00298,0.05545,0.005376
C68.490 - BA2,427,D,F,0.003153,0.05545,0.005376
C68.490 - BA2,427,D,G,0.003405,0.05545,0.005376
C68.490 - BA2,427,D,H,0.00326,0.05545,0.005376
C68.490 - BA2,427,D,I,0.002231,0.05545,0.005376
C68.490 - BA2,427,D,K,0.003294,0.05545,0.005376
C68.490 - BA2,427,D,L,0.002928,0.05545,0.005376
C68.490 - BA2,427,D,M,0.005376,0.05545,0.005376
C68.490 - BA2,427,D,N,0.003184,0.05545,0.005376
C68.490 - BA2,427,D,P,0.002131,0.05545,0.005376
C68.490 - BA2,427,D,Q,0.002688,0.05545,0.005376
C68.490 - BA2,427,D,R,0.002846,0.05545,0.005376
C68.490 - BA2,427,D,S,0.003219,0.05545,0.005376
C68.490 - BA2,427,D,T,0.002613,0.05545,0.005376
C68.490 - BA2,427,D,V,0.003228,0.05545,0.005376
C68.490 - BA2,427,D,W,0.003748,0.05545,0.005376
C68.490 - BA2,427,D,Y,0.003071,0.05545,0.005376
C68.490 - BA2,428,D,A,0.003032,0.03922,0.0102
C68.490 - BA2,428,D,E,0.002456,0.03922,0.0102
C68.490 - BA2,428,D,G,0.003365,0.03922,0.0102
C68.490 - BA2,428,D,H,0.004152,0.03922,0.0102
C68.490 - BA2,428,D,K,0.002745,0.03922,0.0102
C68.490 - BA2,428,D,N,0.002502,0.03922,0.0102
C68.490 - BA2,428,D,P,0.003115,0.03922,0.0102
C68.490 - BA2,428,D,Q,0.002562,0.03922,0.0102
C68.490 - BA2,428,D,R,0.0102,0.03922,0.0102
C68.490 - BA2,428,D,S,0.002565,0.03922,0.0102
C68.490 - BA2,428,D,T,0.002522,0.03922,0.0102
C68.490 - BA2,429,F,W,0.005459,0.005459,0.005459
C68.490 - BA2,430,T,C,0.00276,0.04162,0.007496
C68.490 - BA2,430,T,F,0.002711,0.04162,0.007496
C68.490 - BA2,430,T,H,0.002793,0.04162,0.007496
C68.490 - BA2,430,T,I,0.002324,0.04162,0.007496
C68.490 - BA2,430,T,K,0.00333,0.04162,0.007496
C68.490 - BA2,430,T,L,0.007496,0.04162,0.007496
C68.490 - BA2,430,T,M,0.002849,0.04162,0.007496
C68.490 - BA2,430,T,N,0.002557,0.04162,0.007496
C68.490 - BA2,430,T,Q,0.002668,0.04162,0.007496
C68.490 - BA2,430,T,R,0.002576,0.04162,0.007496
C68.490 - BA2,430,T,S,0.003692,0.04162,0.007496
C68.490 - BA2,430,T,V,0.002767,0.04162,0.007496
C68.490 - BA2,430,T,Y,0.0031,0.04162,0.007496
C68.490 - BA2,433,V,I,0.003927,0.003927,0.003927
C68.490 - BA2,434,I,F,0.003583,0.01687,0.003583
C68.490 - BA2,434,I,L,0.002522,0.01687,0.003583
C68.490 - BA2,434,I,M,0.002837,0.01687,0.003583
C68.490 - BA2,434,I,V,0.002432,0.01687,0.003583
C68.490 - BA2,434,I,W,0.002811,0.01687,0.003583
C68.490 - BA2,434,I,Y,0.002685,0.01687,0.003583
C68.490 - BA2,435,A,I,0.002835,0.02092,0.005527
C68.490 - BA2,435,A,S,0.002746,0.02092,0.005527
C68.490 - BA2,435,A,T,0.005527,0.02092,0.005527
C68.490 - BA2,435,A,V,0.003187,0.02092,0.005527
C68.490 - BA2,435,A,W,0.002465,0.02092,0.005527
C68.490 - BA2,435,A,Y,0.004156,0.02092,0.005527
C68.490 - BA2,436,W,F,0.003013,0.01293,0.003828
C68.490 - BA2,436,W,I,0.002568,0.01293,0.003828
C68.490 - BA2,436,W,M,0.003518,0.01293,0.003828
C68.490 - BA2,436,W,Y,0.003828,0.01293,0.003828
C68.490 - BA2,437,N,A,0.004227,0.015,0.004393
C68.490 - BA2,437,N,E,0.003323,0.015,0.004393
C68.490 - BA2,437,N,P,0.004393,0.015,0.004393
C68.490 - BA2,437,N,S,0.003058,0.015,0.004393
C68.490 - BA2,438,S,A,0.005969,0.008149,0.005969
C68.490 - BA2,438,S,T,0.00218,0.008149,0.005969
C68.490 - BA2,439,N,A,0.002535,0.05245,0.007012
C68.490 - BA2,439,N,C,0.002543,0.05245,0.007012
C68.490 - BA2,439,N,D,0.00242,0.05245,0.007012
C68.490 - BA2,439,N,G,0.002365,0.05245,0.007012
C68.490 - BA2,439,N,H,0.007012,0.05245,0.007012
C68.490 - BA2,439,N,K,0.002843,0.05245,0.007012
C68.490 - BA2,439,N,L,0.002796,0.05245,0.007012
C68.490 - BA2,439,N,M,0.002935,0.05245,0.007012
C68.490 - BA2,439,N,Q,0.002518,0.05245,0.007012
C68.490 - BA2,439,N,R,0.004417,0.05245,0.007012
C68.490 - BA2,439,N,S,0.005512,0.05245,0.007012
C68.490 - BA2,439,N,T,0.006169,0.05245,0.007012
C68.490 - BA2,439,N,V,0.002358,0.05245,0.007012
C68.490 - BA2,439,N,W,0.002771,0.05245,0.007012
C68.490 - BA2,439,N,Y,0.00326,0.05245,0.007012
C68.490 - BA2,440,K,A,0.009586,0.0687,0.009586
C68.490 - BA2,440,K,C,0.002365,0.0687,0.009586
C68.490 - BA2,440,K,D,0.002874,0.0687,0.009586
C68.490 - BA2,440,K,E,0.002895,0.0687,0.009586
C68.490 - BA2,440,K,F,0.006498,0.0687,0.009586
C68.490 - BA2,440,K,G,0.004038,0.0687,0.009586
C68.490 - BA2,440,K,H,0.002711,0.0687,0.009586
C68.490 - BA2,440,K,I,0.003429,0.0687,0.009586
C68.490 - BA2,440,K,L,0.002966,0.0687,0.009586
C68.490 - BA2,440,K,M,0.002715,0.0687,0.009586
C68.490 - BA2,440,K,N,0.005085,0.0687,0.009586
C68.490 - BA2,440,K,P,0.003677,0.0687,0.009586
C68.490 - BA2,440,K,Q,0.002634,0.0687,0.009586
C68.490 - BA2,440,K,R,0.005277,0.0687,0.009586
C68.490 - BA2,440,K,S,0.003208,0.0687,0.009586
C68.490 - BA2,440,K,T,0.003259,0.0687,0.009586
C68.490 - BA2,440,K,V,0.002904,0.0687,0.009586
C68.490 - BA2,440,K,Y,0.002576,0.0687,0.009586
C68.490 - BA2,441,L,A,0.002797,0.05838,0.004805
C68.490 - BA2,441,L,C,0.003265,0.05838,0.004805
C68.490 - BA2,441,L,D,0.003106,0.05838,0.004805
C68.490 - BA2,441,L,E,0.002645,0.05838,0.004805
C68.490 - BA2,441,L,F,0.003081,0.05838,0.004805
C68.490 - BA2,441,L,G,0.002557,0.05838,0.004805
C68.490 - BA2,441,L,H,0.003609,0.05838,0.004805
C68.490 - BA2,441,L,I,0.003181,0.05838,0.004805
C68.490 - BA2,441,L,K,0.003147,0.05838,0.004805
C68.490 - BA2,441,L,M,0.00311,0.05838,0.004805
C68.490 - BA2,441,L,N,0.003694,0.05838,0.004805
C68.490 - BA2,441,L,Q,0.004223,0.05838,0.004805
C68.490 - BA2,441,L,R,0.004805,0.05838,0.004805
C68.490 - BA2,441,L,S,0.003037,0.05838,0.004805
C68.490 - BA2,441,L,T,0.002985,0.05838,0.004805
C68.490 - BA2,441,L,V,0.00305,0.05838,0.004805
C68.490 - BA2,441,L,W,0.002828,0.05838,0.004805
C68.490 - BA2,441,L,Y,0.003258,0.05838,0.004805
C68.490 - BA2,443,S,A,0.002706,0.01018,0.002706
C68.490 - BA2,443,S,C,0.002574,0.01018,0.002706
C68.490 - BA2,443,S,G,0.002621,0.01018,0.002706
C68.490 - BA2,443,S,T,0.002275,0.01018,0.002706
C68.490 - BA2,444,K,A,0.003087,0.05884,0.00427
C68.490 - BA2,444,K,C,0.002815,0.05884,0.00427
C68.490 - BA2,444,K,D,0.002597,0.05884,0.00427
C68.490 - BA2,444,K,E,0.00427,0.05884,0.00427
C68.490 - BA2,444,K,F,0.003049,0.05884,0.00427
C68.490 - BA2,444,K,G,0.00338,0.05884,0.00427
C68.490 - BA2,444,K,H,0.004184,0.05884,0.00427
C68.490 - BA2,444,K,I,0.003851,0.05884,0.00427
C68.490 - BA2,444,K,L,0.002465,0.05884,0.00427
C68.490 - BA2,444,K,M,0.003208,0.05884,0.00427
C68.490 - BA2,444,K,N,0.002719,0.05884,0.00427
C68.490 - BA2,444,K,P,0.002482,0.05884,0.00427
C68.490 - BA2,444,K,Q,0.003292,0.05884,0.00427
C68.490 - BA2,444,K,R,0.002854,0.05884,0.00427
C68.490 - BA2,444,K,S,0.002542,0.05884,0.00427
C68.490 - BA2,444,K,T,0.003499,0.05884,0.00427
C68.490 - BA2,444,K,V,0.002645,0.05884,0.00427
C68.490 - BA2,444,K,W,0.003279,0.05884,0.00427
C68.490 - BA2,444,K,Y,0.002619,0.05884,0.00427
C68.490 - BA2,445,V,A,0.002653,0.07242,0.01258
C68.490 - BA2,445,V,C,0.0034,0.07242,0.01258
C68.490 - BA2,445,V,D,0.002941,0.07242,0.01258
C68.490 - BA2,445,V,E,0.006106,0.07242,0.01258
C68.490 - BA2,445,V,F,0.005921,0.07242,0.01258
C68.490 - BA2,445,V,G,0.002881,0.07242,0.01258
C68.490 - BA2,445,V,H,0.00258,0.07242,0.01258
C68.490 - BA2,445,V,I,0.002617,0.07242,0.01258
C68.490 - BA2,445,V,K,0.002957,0.07242,0.01258
C68.490 - BA2,445,V,L,0.002843,0.07242,0.01258
C68.490 - BA2,445,V,M,0.002904,0.07242,0.01258
C68.490 - BA2,445,V,N,0.004154,0.07242,0.01258
C68.490 - BA2,445,V,P,0.002868,0.07242,0.01258
C68.490 - BA2,445,V,Q,0.003405,0.07242,0.01258
C68.490 - BA2,445,V,R,0.002664,0.07242,0.01258
C68.490 - BA2,445,V,S,0.002723,0.07242,0.01258
C68.490 - BA2,445,V,T,0.01258,0.07242,0.01258
C68.490 - BA2,445,V,W,0.002467,0.07242,0.01258
C68.490 - BA2,445,V,Y,0.003752,0.07242,0.01258
C68.490 - BA2,446,G,A,0.003981,0.05592,0.00763
C68.490 - BA2,446,G,D,0.003344,0.05592,0.00763
C68.490 - BA2,446,G,E,0.002313,0.05592,0.00763
C68.490 - BA2,446,G,F,0.003689,0.05592,0.00763
C68.490 - BA2,446,G,H,0.00336,0.05592,0.00763
C68.490 - BA2,446,G,I,0.003251,0.05592,0.00763
C68.490 - BA2,446,G,K,0.002377,0.05592,0.00763
C68.490 - BA2,446,G,L,0.00763,0.05592,0.00763
C68.490 - BA2,446,G,M,0.002294,0.05592,0.00763
C68.490 - BA2,446,G,N,0.002741,0.05592,0.00763
C68.490 - BA2,446,G,P,0.002743,0.05592,0.00763
C68.490 - BA2,446,G,Q,0.00305,0.05592,0.00763
C68.490 - BA2,446,G,R,0.002301,0.05592,0.00763
C68.490 - BA2,446,G,S,0.002629,0.05592,0.00763
C68.490 - BA2,446,G,T,0.002642,0.05592,0.00763
C68.490 - BA2,446,G,V,0.002743,0.05592,0.00763
C68.490 - BA2,446,G,W,0.002592,0.05592,0.00763
C68.490 - BA2,446,G,Y,0.002238,0.05592,0.00763
C68.490 - BA2,447,G,A,0.003308,0.05511,0.01474
C68.490 - BA2,447,G,H,0.002974,0.05511,0.01474
C68.490 - BA2,447,G,K,0.003325,0.05511,0.01474
C68.490 - BA2,447,G,L,0.003494,0.05511,0.01474
C68.490 - BA2,447,G,M,0.002685,0.05511,0.01474
C68.490 - BA2,447,G,N,0.002668,0.05511,0.01474
C68.490 - BA2,447,G,P,0.01474,0.05511,0.01474
C68.490 - BA2,447,G,Q,0.004607,0.05511,0.01474
C68.490 - BA2,447,G,R,0.005321,0.05511,0.01474
C68.490 - BA2,447,G,S,0.003123,0.05511,0.01474
C68.490 - BA2,447,G,T,0.004063,0.05511,0.01474
C68.490 - BA2,447,G,V,0.001876,0.05511,0.01474
C68.490 - BA2,447,G,Y,0.002923,0.05511,0.01474
C68.490 - BA2,448,N,A,0.003041,0.03783,0.004884
C68.490 - BA2,448,N,D,0.004884,0.03783,0.004884
C68.490 - BA2,448,N,E,0.002746,0.03783,0.004884
C68.490 - BA2,448,N,G,0.004035,0.03783,0.004884
C68.490 - BA2,448,N,H,0.00476,0.03783,0.004884
C68.490 - BA2,448,N,K,0.00263,0.03783,0.004884
C68.490 - BA2,448,N,P,0.003012,0.03783,0.004884
C68.490 - BA2,448,N,Q,0.003311,0.03783,0.004884
C68.490 - BA2,448,N,R,0.002431,0.03783,0.004884
C68.490 - BA2,448,N,S,0.003893,0.03783,0.004884
C68.490 - BA2,448,N,T,0.003083,0.03783,0.004884
C68.490 - BA2,449,Y,A,0.002621,0.06571,0.008137
C68.490 - BA2,449,Y,C,0.002806,0.06571,0.008137
C68.490 - BA2,449,Y,D,0.002514,0.06571,0.008137
C68.490 - BA2,449,Y,E,0.002788,0.06571,0.008137
C68.490 - BA2,449,Y,F,0.00251,0.06571,0.008137
C68.490 - BA2,449,Y,G,0.004145,0.06571,0.008137
C68.490 - BA2,449,Y,H,0.00447,0.06571,0.008137
C68.490 - BA2,449,Y,I,0.004074,0.06571,0.008137
C68.490 - BA2,449,Y,K,0.002768,0.06571,0.008137
C68.490 - BA2,449,Y,L,0.008137,0.06571,0.008137
C68.490 - BA2,449,Y,M,0.002195,0.06571,0.008137
C68.490 - BA2,449,Y,N,0.00281,0.06571,0.008137
C68.490 - BA2,449,Y,P,0.002296,0.06571,0.008137
C68.490 - BA2,449,Y,Q,0.003389,0.06571,0.008137
C68.490 - BA2,449,Y,R,0.004344,0.06571,0.008137
C68.490 - BA2,449,Y,S,0.002756,0.06571,0.008137
C68.490 - BA2,449,Y,T,0.002828,0.06571,0.008137
C68.490 - BA2,449,Y,V,0.004902,0.06571,0.008137
C68.490 - BA2,449,Y,W,0.003351,0.06571,0.008137
C68.490 - BA2,450,N,A,0.003229,0.06689,0.005817
C68.490 - BA2,450,N,C,0.002678,0.06689,0.005817
C68.490 - BA2,450,N,D,0.004883,0.06689,0.005817
C68.490 - BA2,450,N,E,0.003771,0.06689,0.005817
C68.490 - BA2,450,N,F,0.005458,0.06689,0.005817
C68.490 - BA2,450,N,G,0.00356,0.06689,0.005817
C68.490 - BA2,450,N,H,0.002463,0.06689,0.005817
C68.490 - BA2,450,N,I,0.002929,0.06689,0.005817
C68.490 - BA2,450,N,K,0.002862,0.06689,0.005817
C68.490 - BA2,450,N,L,0.003457,0.06689,0.005817
C68.490 - BA2,450,N,M,0.00548,0.06689,0.005817
C68.490 - BA2,450,N,P,0.00266,0.06689,0.005817
C68.490 - BA2,450,N,Q,0.00309,0.06689,0.005817
C68.490 - BA2,450,N,R,0.005817,0.06689,0.005817
C68.490 - BA2,450,N,S,0.002302,0.06689,0.005817
C68.490 - BA2,450,N,T,0.003736,0.06689,0.005817
C68.490 - BA2,450,N,V,0.002347,0.06689,0.005817
C68.490 - BA2,450,N,W,0.002774,0.06689,0.005817
C68.490 - BA2,450,N,Y,0.003396,0.06689,0.005817
C68.490 - BA2,451,Y,A,0.002511,0.02742,0.005207
C68.490 - BA2,451,Y,C,0.002134,0.02742,0.005207
C68.490 - BA2,451,Y,F,0.002419,0.02742,0.005207
C68.490 - BA2,451,Y,H,0.005207,0.02742,0.005207
C68.490 - BA2,451,Y,I,0.00256,0.02742,0.005207
C68.490 - BA2,451,Y,L,0.003017,0.02742,0.005207
C68.490 - BA2,451,Y,M,0.003031,0.02742,0.005207
C68.490 - BA2,451,Y,N,0.00313,0.02742,0.005207
C68.490 - BA2,451,Y,Q,0.003415,0.02742,0.005207
C68.490 - BA2,452,L,A,0.003637,0.09689,0.02424
C68.490 - BA2,452,L,C,0.004737,0.09689,0.02424
C68.490 - BA2,452,L,D,0.002975,0.09689,0.02424
C68.490 - BA2,452,L,E,0.003507,0.09689,0.02424
C68.490 - BA2,452,L,F,0.003104,0.09689,0.02424
C68.490 - BA2,452,L,G,0.002152,0.09689,0.02424
C68.490 - BA2,452,L,H,0.005386,0.09689,0.02424
C68.490 - BA2,452,L,I,0.02424,0.09689,0.02424
C68.490 - BA2,452,L,K,0.002519,0.09689,0.02424
C68.490 - BA2,452,L,M,0.002889,0.09689,0.02424
C68.490 - BA2,452,L,N,0.002669,0.09689,0.02424
C68.490 - BA2,452,L,Q,0.006663,0.09689,0.02424
C68.490 - BA2,452,L,R,0.00655,0.09689,0.02424
C68.490 - BA2,452,L,S,0.003549,0.09689,0.02424
C68.490 - BA2,452,L,T,0.009502,0.09689,0.02424
C68.490 - BA2,452,L,V,0.003216,0.09689,0.02424
C68.490 - BA2,452,L,W,0.002914,0.09689,0.02424
C68.490 - BA2,452,L,Y,0.006682,0.09689,0.02424
C68.490 - BA2,453,Y,A,0.01369,0.0444,0.01369
C68.490 - BA2,453,Y,E,0.003323,0.0444,0.01369
C68.490 - BA2,453,Y,F,0.003633,0.0444,0.01369
C68.490 - BA2,453,Y,H,0.002126,0.0444,0.01369
C68.490 - BA2,453,Y,K,0.002377,0.0444,0.01369
C68.490 - BA2,453,Y,M,0.004185,0.0444,0.01369
C68.490 - BA2,453,Y,Q,0.003162,0.0444,0.01369
C68.490 - BA2,453,Y,R,0.003118,0.0444,0.01369
C68.490 - BA2,453,Y,S,0.003022,0.0444,0.01369
C68.490 - BA2,453,Y,V,0.002771,0.0444,0.01369
C68.490 - BA2,453,Y,W,0.002998,0.0444,0.01369
C68.490 - BA2,455,L,A,0.002893,0.05174,0.004669
C68.490 - BA2,455,L,C,0.003483,0.05174,0.004669
C68.490 - BA2,455,L,F,0.003081,0.05174,0.004669
C68.490 - BA2,455,L,G,0.002835,0.05174,0.004669
C68.490 - BA2,455,L,H,0.003282,0.05174,0.004669
C68.490 - BA2,455,L,I,0.002611,0.05174,0.004669
C68.490 - BA2,455,L,K,0.004669,0.05174,0.004669
C68.490 - BA2,455,L,M,0.002409,0.05174,0.004669
C68.490 - BA2,455,L,N,0.002637,0.05174,0.004669
C68.490 - BA2,455,L,P,0.003079,0.05174,0.004669
C68.490 - BA2,455,L,Q,0.002897,0.05174,0.004669
C68.490 - BA2,455,L,R,0.002411,0.05174,0.004669
C68.490 - BA2,455,L,S,0.003137,0.05174,0.004669
C68.490 - BA2,455,L,T,0.004012,0.05174,0.004669
C68.490 - BA2,455,L,V,0.002295,0.05174,0.004669
C68.490 - BA2,455,L,W,0.002834,0.05174,0.004669
C68.490 - BA2,455,L,Y,0.003178,0.05174,0.004669
C68.490 - BA2,456,F,A,0.003435,0.05244,0.005516
C68.490 - BA2,456,F,C,0.002803,0.05244,0.005516
C68.490 - BA2,456,F,G,0.002746,0.05244,0.005516
C68.490 - BA2,456,F,H,0.002751,0.05244,0.005516
C68.490 - BA2,456,F,I,0.004965,0.05244,0.005516
C68.490 - BA2,456,F,K,0.003187,0.05244,0.005516
C68.490 - BA2,456,F,L,0.005516,0.05244,0.005516
C68.490 - BA2,456,F,M,0.002593,0.05244,0.005516
C68.490 - BA2,456,F,N,0.002401,0.05244,0.005516
C68.490 - BA2,456,F,P,0.002729,0.05244,0.005516
C68.490 - BA2,456,F,Q,0.002726,0.05244,0.005516
C68.490 - BA2,456,F,R,0.003059,0.05244,0.005516
C68.490 - BA2,456,F,S,0.003849,0.05244,0.005516
C68.490 - BA2,456,F,T,0.002336,0.05244,0.005516
C68.490 - BA2,456,F,V,0.002817,0.05244,0.005516
C68.490 - BA2,456,F,W,0.002521,0.05244,0.005516
C68.490 - BA2,456,F,Y,0.002008,0.05244,0.005516
C68.490 - BA2,457,R,A,0.005975,0.008379,0.005975
C68.490 - BA2,457,R,K,0.002404,0.008379,0.005975
C68.490 - BA2,458,K,A,0.004081,0.06193,0.008371
C68.490 - BA2,458,K,C,0.00263,0.06193,0.008371
C68.490 - BA2,458,K,D,0.002076,0.06193,0.008371
C68.490 - BA2,458,K,E,0.002944,0.06193,0.008371
C68.490 - BA2,458,K,F,0.0038,0.06193,0.008371
C68.490 - BA2,458,K,G,0.003097,0.06193,0.008371
C68.490 - BA2,458,K,H,0.002731,0.06193,0.008371
C68.490 - BA2,458,K,I,0.002734,0.06193,0.008371
C68.490 - BA2,458,K,L,0.003272,0.06193,0.008371
C68.490 - BA2,458,K,M,0.003262,0.06193,0.008371
C68.490 - BA2,458,K,N,0.003056,0.06193,0.008371
C68.490 - BA2,458,K,P,0.008371,0.06193,0.008371
C68.490 - BA2,458,K,Q,0.002772,0.06193,0.008371
C68.490 - BA2,458,K,R,0.003208,0.06193,0.008371
C68.490 - BA2,458,K,S,0.003177,0.06193,0.008371
C68.490 - BA2,458,K,T,0.002241,0.06193,0.008371
C68.490 - BA2,458,K,V,0.002432,0.06193,0.008371
C68.490 - BA2,458,K,W,0.003087,0.06193,0.008371
C68.490 - BA2,458,K,Y,0.002964,0.06193,0.008371
C68.490 - BA2,459,S,A,0.002671,0.05806,0.006132
C68.490 - BA2,459,S,C,0.002481,0.05806,0.006132
C68.490 - BA2,459,S,D,0.003005,0.05806,0.006132
C68.490 - BA2,459,S,E,0.002433,0.05806,0.006132
C68.490 - BA2,459,S,F,0.004837,0.05806,0.006132
C68.490 - BA2,459,S,G,0.00289,0.05806,0.006132
C68.490 - BA2,459,S,H,0.003488,0.05806,0.006132
C68.490 - BA2,459,S,I,0.003049,0.05806,0.006132
C68.490 - BA2,459,S,K,0.002689,0.05806,0.006132
C68.490 - BA2,459,S,M,0.002815,0.05806,0.006132
C68.490 - BA2,459,S,N,0.002964,0.05806,0.006132
C68.490 - BA2,459,S,P,0.002505,0.05806,0.006132
C68.490 - BA2,459,S,Q,0.002595,0.05806,0.006132
C68.490 - BA2,459,S,R,0.002496,0.05806,0.006132
C68.490 - BA2,459,S,T,0.003077,0.05806,0.006132
C68.490 - BA2,459,S,V,0.006132,0.05806,0.006132
C68.490 - BA2,459,S,W,0.005914,0.05806,0.006132
C68.490 - BA2,459,S,Y,0.002023,0.05806,0.006132
C68.490 - BA2,460,N,A,0.003503,0.07761,0.01675
C68.490 - BA2,460,N,C,0.003789,0.07761,0.01675
C68.490 - BA2,460,N,D,0.003465,0.07761,0.01675
C68.490 - BA2,460,N,E,0.003605,0.07761,0.01675
C68.490 - BA2,460,N,F,0.005303,0.07761,0.01675
C68.490 - BA2,460,N,G,0.003546,0.07761,0.01675
C68.490 - BA2,460,N,H,0.002431,0.07761,0.01675
C68.490 - BA2,460,N,I,0.005383,0.07761,0.01675
C68.490 - BA2,460,N,K,0.002284,0.07761,0.01675
C68.490 - BA2,460,N,L,0.002748,0.07761,0.01675
C68.490 - BA2,460,N,M,0.01675,0.07761,0.01675
C68.490 - BA2,460,N,P,0.002632,0.07761,0.01675
C68.490 - BA2,460,N,Q,0.00723,0.07761,0.01675
C68.490 - BA2,460,N,R,0.002344,0.07761,0.01675
C68.490 - BA2,460,N,S,0.004415,0.07761,0.01675
C68.490 - BA2,460,N,T,0.002849,0.07761,0.01675
C68.490 - BA2,460,N,V,0.002591,0.07761,0.01675
C68.490 - BA2,460,N,Y,0.002749,0.07761,0.01675
C68.490 - BA2,461,L,I,0.01016,0.01636,0.01016
C68.490 - BA2,461,L,M,0.00347,0.01636,0.01016
C68.490 - BA2,461,L,V,0.002727,0.01636,0.01016
C68.490 - BA2,462,K,A,0.002349,0.07119,0.01285
C68.490 - BA2,462,K,C,0.002886,0.07119,0.01285
C68.490 - BA2,462,K,D,0.006625,0.07119,0.01285
C68.490 - BA2,462,K,E,0.00259,0.07119,0.01285
C68.490 - BA2,462,K,F,0.003378,0.07119,0.01285
C68.490 - BA2,462,K,G,0.003333,0.07119,0.01285
C68.490 - BA2,462,K,H,0.004006,0.07119,0.01285
C68.490 - BA2,462,K,I,0.002502,0.07119,0.01285
C68.490 - BA2,462,K,L,0.008537,0.07119,0.01285
C68.490 - BA2,462,K,M,0.003758,0.07119,0.01285
C68.490 - BA2,462,K,N,0.002251,0.07119,0.01285
C68.490 - BA2,462,K,P,0.003043,0.07119,0.01285
C68.490 - BA2,462,K,Q,0.002945,0.07119,0.01285
C68.490 - BA2,462,K,R,0.002714,0.07119,0.01285
C68.490 - BA2,462,K,S,0.002585,0.07119,0.01285
C68.490 - BA2,462,K,T,0.002842,0.07119,0.01285
C68.490 - BA2,462,K,V,0.002004,0.07119,0.01285
C68.490 - BA2,462,K,Y,0.01285,0.07119,0.01285
C68.490 - BA2,463,P,A,0.002693,0.01879,0.01187
C68.490 - BA2,463,P,G,0.01187,0.01879,0.01187
C68.490 - BA2,463,P,S,0.004226,0.01879,0.01187
C68.490 - BA2,464,F,A,0.002524,0.04449,0.00538
C68.490 - BA2,464,F,C,0.003244,0.04449,0.00538
C68.490 - BA2,464,F,D,0.003331,0.04449,0.00538
C68.490 - BA2,464,F,E,0.002484,0.04449,0.00538
C68.490 - BA2,464,F,G,0.002823,0.04449,0.00538
C68.490 - BA2,464,F,H,0.002362,0.04449,0.00538
C68.490 - BA2,464,F,L,0.00538,0.04449,0.00538
C68.490 - BA2,464,F,M,0.002527,0.04449,0.00538
C68.490 - BA2,464,F,N,0.003142,0.04449,0.00538
C68.490 - BA2,464,F,Q,0.002917,0.04449,0.00538
C68.490 - BA2,464,F,R,0.002398,0.04449,0.00538
C68.490 - BA2,464,F,S,0.002963,0.04449,0.00538
C68.490 - BA2,464,F,T,0.002555,0.04449,0.00538
C68.490 - BA2,464,F,W,0.003094,0.04449,0.00538
C68.490 - BA2,464,F,Y,0.002744,0.04449,0.00538
C68.490 - BA2,465,E,A,0.002501,0.0207,0.004728
C68.490 - BA2,465,E,D,0.002391,0.0207,0.004728
C68.490 - BA2,465,E,G,0.002331,0.0207,0.004728
C68.490 - BA2,465,E,H,0.002791,0.0207,0.004728
C68.490 - BA2,465,E,Q,0.004728,0.0207,0.004728
C68.490 - BA2,465,E,S,0.002652,0.0207,0.004728
C68.490 - BA2,465,E,T,0.003306,0.0207,0.004728
C68.490 - BA2,466,R,H,0.002381,0.007833,0.002781
C68.490 - BA2,466,R,K,0.002781,0.007833,0.002781
C68.490 - BA2,466,R,Q,0.002671,0.007833,0.002781
C68.490 - BA2,468,I,A,0.002503,0.06188,0.006915
C68.490 - BA2,468,I,C,0.003966,0.06188,0.006915
C68.490 - BA2,468,I,D,0.002283,0.06188,0.006915
C68.490 - BA2,468,I,E,0.003403,0.06188,0.006915
C68.490 - BA2,468,I,F,0.002766,0.06188,0.006915
C68.490 - BA2,468,I,G,0.002428,0.06188,0.006915
C68.490 - BA2,468,I,H,0.003037,0.06188,0.006915
C68.490 - BA2,468,I,K,0.006915,0.06188,0.006915
C68.490 - BA2,468,I,L,0.002657,0.06188,0.006915
C68.490 - BA2,468,I,M,0.002477,0.06188,0.006915
C68.490 - BA2,468,I,N,0.003766,0.06188,0.006915
C68.490 - BA2,468,I,P,0.002722,0.06188,0.006915
C68.490 - BA2,468,I,Q,0.002832,0.06188,0.006915
C68.490 - BA2,468,I,R,0.004228,0.06188,0.006915
C68.490 - BA2,468,I,S,0.002578,0.06188,0.006915
C68.490 - BA2,468,I,T,0.002714,0.06188,0.006915
C68.490 - BA2,468,I,V,0.004461,0.06188,0.006915
C68.490 - BA2,468,I,W,0.003601,0.06188,0.006915
C68.490 - BA2,468,I,Y,0.002548,0.06188,0.006915
C68.490 - BA2,469,S,A,0.003448,0.03453,0.004259
C68.490 - BA2,469,S,C,0.002691,0.03453,0.004259
C68.490 - BA2,469,S,D,0.004142,0.03453,0.004259
C68.490 - BA2,469,S,E,0.003335,0.03453,0.004259
C68.490 - BA2,469,S,G,0.002527,0.03453,0.004259
C68.490 - BA2,469,S,H,0.003367,0.03453,0.004259
C68.490 - BA2,469,S,K,0.002479,0.03453,0.004259
C68.490 - BA2,469,S,N,0.002656,0.03453,0.004259
C68.490 - BA2,469,S,Q,0.002397,0.03453,0.004259
C68.490 - BA2,469,S,R,0.004259,0.03453,0.004259
C68.490 - BA2,469,S,T,0.003232,0.03453,0.004259
C68.490 - BA2,470,T,A,0.00205,0.06809,0.009648
C68.490 - BA2,470,T,C,0.004724,0.06809,0.009648
C68.490 - BA2,470,T,D,0.004049,0.06809,0.009648
C68.490 - BA2,470,T,E,0.002827,0.06809,0.009648
C68.490 - BA2,470,T,F,0.003435,0.06809,0.009648
C68.490 - BA2,470,T,G,0.004132,0.06809,0.009648
C68.490 - BA2,470,T,H,0.003239,0.06809,0.009648
C68.490 - BA2,470,T,I,0.003534,0.06809,0.009648
C68.490 - BA2,470,T,K,0.004401,0.06809,0.009648
C68.490 - BA2,470,T,L,0.003204,0.06809,0.009648
C68.490 - BA2,470,T,M,0.002666,0.06809,0.009648
C68.490 - BA2,470,T,N,0.003622,0.06809,0.009648
C68.490 - BA2,470,T,P,0.003058,0.06809,0.009648
C68.490 - BA2,470,T,Q,0.009648,0.06809,0.009648
C68.490 - BA2,470,T,R,0.002557,0.06809,0.009648
C68.490 - BA2,470,T,S,0.002356,0.06809,0.009648
C68.490 - BA2,470,T,V,0.002961,0.06809,0.009648
C68.490 - BA2,470,T,W,0.003217,0.06809,0.009648
C68.490 - BA2,470,T,Y,0.002412,0.06809,0.009648
C68.490 - BA2,471,E,A,0.003519,0.07134,0.00782
C68.490 - BA2,471,E,C,0.003643,0.07134,0.00782
C68.490 - BA2,471,E,D,0.002856,0.07134,0.00782
C68.490 - BA2,471,E,F,0.004905,0.07134,0.00782
C68.490 - BA2,471,E,G,0.00782,0.07134,0.00782
C68.490 - BA2,471,E,H,0.002387,0.07134,0.00782
C68.490 - BA2,471,E,I,0.002723,0.07134,0.00782
C68.490 - BA2,471,E,K,0.003557,0.07134,0.00782
C68.490 - BA2,471,E,L,0.002919,0.07134,0.00782
C68.490 - BA2,471,E,M,0.002632,0.07134,0.00782
C68.490 - BA2,471,E,N,0.003996,0.07134,0.00782
C68.490 - BA2,471,E,P,0.006703,0.07134,0.00782
C68.490 - BA2,471,E,Q,0.002667,0.07134,0.00782
C68.490 - BA2,471,E,R,0.005073,0.07134,0.00782
C68.490 - BA2,471,E,S,0.005302,0.07134,0.00782
C68.490 - BA2,471,E,T,0.00292,0.07134,0.00782
C68.490 - BA2,471,E,V,0.004893,0.07134,0.00782
C68.490 - BA2,471,E,Y,0.00282,0.07134,0.00782
C68.490 - BA2,472,I,A,0.002819,0.05625,0.007422
C68.490 - BA2,472,I,C,0.002709,0.05625,0.007422
C68.490 - BA2,472,I,E,0.002913,0.05625,0.007422
C68.490 - BA2,472,I,F,0.002426,0.05625,0.007422
C68.490 - BA2,472,I,H,0.002882,0.05625,0.007422
C68.490 - BA2,472,I,K,0.007422,0.05625,0.007422
C68.490 - BA2,472,I,L,0.002745,0.05625,0.007422
C68.490 - BA2,472,I,M,0.002439,0.05625,0.007422
C68.490 - BA2,472,I,N,0.002543,0.05625,0.007422
C68.490 - BA2,472,I,P,0.005147,0.05625,0.007422
C68.490 - BA2,472,I,Q,0.003387,0.05625,0.007422
C68.490 - BA2,472,I,R,0.002778,0.05625,0.007422
C68.490 - BA2,472,I,S,0.003102,0.05625,0.007422
C68.490 - BA2,472,I,T,0.004189,0.05625,0.007422
C68.490 - BA2,472,I,V,0.002721,0.05625,0.007422
C68.490 - BA2,472,I,W,0.002951,0.05625,0.007422
C68.490 - BA2,472,I,Y,0.003073,0.05625,0.007422
C68.490 - BA2,473,Y,A,0.002933,0.04268,0.006162
C68.490 - BA2,473,Y,C,0.006162,0.04268,0.006162
C68.490 - BA2,473,Y,F,0.001849,0.04268,0.006162
C68.490 - BA2,473,Y,H,0.002473,0.04268,0.006162
C68.490 - BA2,473,Y,I,0.002518,0.04268,0.006162
C68.490 - BA2,473,Y,L,0.004636,0.04268,0.006162
C68.490 - BA2,473,Y,M,0.004066,0.04268,0.006162
C68.490 - BA2,473,Y,Q,0.002481,0.04268,0.006162
C68.490 - BA2,473,Y,S,0.003802,0.04268,0.006162
C68.490 - BA2,473,Y,T,0.002703,0.04268,0.006162
C68.490 - BA2,473,Y,V,0.005433,0.04268,0.006162
C68.490 - BA2,473,Y,W,0.003623,0.04268,0.006162
C68.490 - BA2,474,Q,A,0.003724,0.04061,0.005229
C68.490 - BA2,474,Q,D,0.002772,0.04061,0.005229
C68.490 - BA2,474,Q,E,0.00284,0.04061,0.005229
C68.490 - BA2,474,Q,G,0.002837,0.04061,0.005229
C68.490 - BA2,474,Q,H,0.002641,0.04061,0.005229
C68.490 - BA2,474,Q,K,0.002685,0.04061,0.005229
C68.490 - BA2,474,Q,M,0.002921,0.04061,0.005229
C68.490 - BA2,474,Q,N,0.005229,0.04061,0.005229
C68.490 - BA2,474,Q,P,0.002589,0.04061,0.005229
C68.490 - BA2,474,Q,R,0.003067,0.04061,0.005229
C68.490 - BA2,474,Q,S,0.003084,0.04061,0.005229
C68.490 - BA2,474,Q,T,0.003214,0.04061,0.005229
C68.490 - BA2,474,Q,V,0.003008,0.04061,0.005229
C68.490 - BA2,475,A,C,0.003037,0.0396,0.004417
C68.490 - BA2,475,A,F,0.003021,0.0396,0.004417
C68.490 - BA2,475,A,G,0.002514,0.0396,0.004417
C68.490 - BA2,475,A,I,0.002682,0.0396,0.004417
C68.490 - BA2,475,A,K,0.003297,0.0396,0.004417
C68.490 - BA2,475,A,L,0.002943,0.0396,0.004417
C68.490 - BA2,475,A,M,0.002685,0.0396,0.004417
C68.490 - BA2,475,A,N,0.002591,0.0396,0.004417
C68.490 - BA2,475,A,P,0.004417,0.0396,0.004417
C68.490 - BA2,475,A,Q,0.002399,0.0396,0.004417
C68.490 - BA2,475,A,R,0.002245,0.0396,0.004417
C68.490 - BA2,475,A,S,0.002204,0.0396,0.004417
C68.490 - BA2,475,A,T,0.002394,0.0396,0.004417
C68.490 - BA2,475,A,V,0.003175,0.0396,0.004417
C68.490 - BA2,476,G,A,0.002277,0.03111,0.009583
C68.490 - BA2,476,G,C,0.002494,0.03111,0.009583
C68.490 - BA2,476,G,D,0.002451,0.03111,0.009583
C68.490 - BA2,476,G,H,0.003019,0.03111,0.009583
C68.490 - BA2,476,G,N,0.002566,0.03111,0.009583
C68.490 - BA2,476,G,Q,0.002941,0.03111,0.009583
C68.490 - BA2,476,G,R,0.003293,0.03111,0.009583
C68.490 - BA2,476,G,S,0.002491,0.03111,0.009583
C68.490 - BA2,476,G,T,0.009583,0.03111,0.009583
C68.490 - BA2,477,N,A,0.002306,0.0643,0.00714
C68.490 - BA2,477,N,C,0.002794,0.0643,0.00714
C68.490 - BA2,477,N,D,0.002747,0.0643,0.00714
C68.490 - BA2,477,N,E,0.002852,0.0643,0.00714
C68.490 - BA2,477,N,F,0.00555,0.0643,0.00714
C68.490 - BA2,477,N,G,0.005445,0.0643,0.00714
C68.490 - BA2,477,N,H,0.003184,0.0643,0.00714
C68.490 - BA2,477,N,I,0.002858,0.0643,0.00714
C68.490 - BA2,477,N,K,0.002736,0.0643,0.00714
C68.490 - BA2,477,N,L,0.002519,0.0643,0.00714
C68.490 - BA2,477,N,M,0.003253,0.0643,0.00714
C68.490 - BA2,477,N,P,0.002428,0.0643,0.00714
C68.490 - BA2,477,N,Q,0.00714,0.0643,0.00714
C68.490 - BA2,477,N,R,0.003166,0.0643,0.00714
C68.490 - BA2,477,N,S,0.003654,0.0643,0.00714
C68.490 - BA2,477,N,T,0.002442,0.0643,0.00714
C68.490 - BA2,477,N,V,0.001944,0.0643,0.00714
C68.490 - BA2,477,N,W,0.004037,0.0643,0.00714
C68.490 - BA2,477,N,Y,0.003239,0.0643,0.00714
C68.490 - BA2,478,K,A,0.002632,0.06175,0.004808
C68.490 - BA2,478,K,C,0.002905,0.06175,0.004808
C68.490 - BA2,478,K,D,0.004808,0.06175,0.004808
C68.490 - BA2,478,K,E,0.002757,0.06175,0.004808
C68.490 - BA2,478,K,F,0.004119,0.06175,0.004808
C68.490 - BA2,478,K,G,0.00353,0.06175,0.004808
C68.490 - BA2,478,K,H,0.003149,0.06175,0.004808
C68.490 - BA2,478,K,I,0.003058,0.06175,0.004808
C68.490 - BA2,478,K,L,0.002692,0.06175,0.004808
C68.490 - BA2,478,K,M,0.002828,0.06175,0.004808
C68.490 - BA2,478,K,N,0.003374,0.06175,0.004808
C68.490 - BA2,478,K,P,0.003284,0.06175,0.004808
C68.490 - BA2,478,K,Q,0.003268,0.06175,0.004808
C68.490 - BA2,478,K,R,0.003174,0.06175,0.004808
C68.490 - BA2,478,K,S,0.003069,0.06175,0.004808
C68.490 - BA2,478,K,T,0.002904,0.06175,0.004808
C68.490 - BA2,478,K,V,0.00415,0.06175,0.004808
C68.490 - BA2,478,K,W,0.002463,0.06175,0.004808
C68.490 - BA2,478,K,Y,0.003582,0.06175,0.004808
C68.490 - BA2,479,P,A,0.00406,0.08734,0.01605
C68.490 - BA2,479,P,C,0.009502,0.08734,0.01605
C68.490 - BA2,479,P,D,0.002717,0.08734,0.01605
C68.490 - BA2,479,P,E,0.003206,0.08734,0.01605
C68.490 - BA2,479,P,F,0.002846,0.08734,0.01605
C68.490 - BA2,479,P,G,0.01605,0.08734,0.01605
C68.490 - BA2,479,P,H,0.00262,0.08734,0.01605
C68.490 - BA2,479,P,I,0.002456,0.08734,0.01605
C68.490 - BA2,479,P,K,0.002994,0.08734,0.01605
C68.490 - BA2,479,P,L,0.002947,0.08734,0.01605
C68.490 - BA2,479,P,M,0.002575,0.08734,0.01605
C68.490 - BA2,479,P,N,0.00246,0.08734,0.01605
C68.490 - BA2,479,P,Q,0.003167,0.08734,0.01605
C68.490 - BA2,479,P,R,0.002333,0.08734,0.01605
C68.490 - BA2,479,P,S,0.004904,0.08734,0.01605
C68.490 - BA2,479,P,T,0.0025,0.08734,0.01605
C68.490 - BA2,479,P,V,0.002858,0.08734,0.01605
C68.490 - BA2,479,P,W,0.01219,0.08734,0.01605
C68.490 - BA2,479,P,Y,0.004947,0.08734,0.01605
C68.490 - BA2,481,N,A,0.003322,0.06529,0.00638
C68.490 - BA2,481,N,C,0.006346,0.06529,0.00638
C68.490 - BA2,481,N,D,0.002549,0.06529,0.00638
C68.490 - BA2,481,N,E,0.004957,0.06529,0.00638
C68.490 - BA2,481,N,F,0.003212,0.06529,0.00638
C68.490 - BA2,481,N,G,0.003001,0.06529,0.00638
C68.490 - BA2,481,N,H,0.00307,0.06529,0.00638
C68.490 - BA2,481,N,I,0.00638,0.06529,0.00638
C68.490 - BA2,481,N,K,0.002689,0.06529,0.00638
C68.490 - BA2,481,N,L,0.002195,0.06529,0.00638
C68.490 - BA2,481,N,M,0.002578,0.06529,0.00638
C68.490 - BA2,481,N,P,0.005224,0.06529,0.00638
C68.490 - BA2,481,N,Q,0.002753,0.06529,0.00638
C68.490 - BA2,481,N,R,0.002184,0.06529,0.00638
C68.490 - BA2,481,N,S,0.002499,0.06529,0.00638
C68.490 - BA2,481,N,T,0.003641,0.06529,0.00638
C68.490 - BA2,481,N,V,0.003023,0.06529,0.00638
C68.490 - BA2,481,N,W,0.00346,0.06529,0.00638
C68.490 - BA2,481,N,Y,0.002204,0.06529,0.00638
C68.490 - BA2,482,G,A,0.003405,0.05949,0.00556
C68.490 - BA2,482,G,C,0.003638,0.05949,0.00556
C68.490 - BA2,482,G,D,0.003122,0.05949,0.00556
C68.490 - BA2,482,G,E,0.003387,0.05949,0.00556
C68.490 - BA2,482,G,F,0.002665,0.05949,0.00556
C68.490 - BA2,482,G,H,0.002462,0.05949,0.00556
C68.490 - BA2,482,G,I,0.002959,0.05949,0.00556
C68.490 - BA2,482,G,K,0.002216,0.05949,0.00556
C68.490 - BA2,482,G,L,0.00556,0.05949,0.00556
C68.490 - BA2,482,G,M,0.003012,0.05949,0.00556
C68.490 - BA2,482,G,N,0.002341,0.05949,0.00556
C68.490 - BA2,482,G,P,0.003085,0.05949,0.00556
C68.490 - BA2,482,G,Q,0.002486,0.05949,0.00556
C68.490 - BA2,482,G,R,0.003026,0.05949,0.00556
C68.490 - BA2,482,G,S,0.003139,0.05949,0.00556
C68.490 - BA2,482,G,T,0.00275,0.05949,0.00556
C68.490 - BA2,482,G,V,0.005544,0.05949,0.00556
C68.490 - BA2,482,G,Y,0.004697,0.05949,0.00556
C68.490 - BA2,483,V,A,0.002688,0.07052,0.008326
C68.490 - BA2,483,V,C,0.004221,0.07052,0.008326
C68.490 - BA2,483,V,D,0.002877,0.07052,0.008326
C68.490 - BA2,483,V,E,0.006634,0.07052,0.008326
C68.490 - BA2,483,V,F,0.006662,0.07052,0.008326
C68.490 - BA2,483,V,G,0.002681,0.07052,0.008326
C68.490 - BA2,483,V,H,0.005079,0.07052,0.008326
C68.490 - BA2,483,V,I,0.002679,0.07052,0.008326
C68.490 - BA2,483,V,K,0.00262,0.07052,0.008326
C68.490 - BA2,483,V,L,0.003618,0.07052,0.008326
C68.490 - BA2,483,V,M,0.002412,0.07052,0.008326
C68.490 - BA2,483,V,N,0.003308,0.07052,0.008326
C68.490 - BA2,483,V,P,0.002681,0.07052,0.008326
C68.490 - BA2,483,V,Q,0.002892,0.07052,0.008326
C68.490 - BA2,483,V,R,0.002398,0.07052,0.008326
C68.490 - BA2,483,V,S,0.003385,0.07052,0.008326
C68.490 - BA2,483,V,T,0.002647,0.07052,0.008326
C68.490 - BA2,483,V,W,0.008326,0.07052,0.008326
C68.490 - BA2,483,V,Y,0.002716,0.07052,0.008326
C68.490 - BA2,484,A,C,0.002773,0.07098,0.01587
C68.490 - BA2,484,A,D,0.002148,0.07098,0.01587
C68.490 - BA2,484,A,E,0.002508,0.07098,0.01587
C68.490 - BA2,484,A,F,0.002617,0.07098,0.01587
C68.490 - BA2,484,A,G,0.003868,0.07098,0.01587
C68.490 - BA2,484,A,H,0.00302,0.07098,0.01587
C68.490 - BA2,484,A,I,0.01587,0.07098,0.01587
C68.490 - BA2,484,A,K,0.002911,0.07098,0.01587
C68.490 - BA2,484,A,L,0.003204,0.07098,0.01587
C68.490 - BA2,484,A,M,0.00579,0.07098,0.01587
C68.490 - BA2,484,A,N,0.003151,0.07098,0.01587
C68.490 - BA2,484,A,P,0.00259,0.07098,0.01587
C68.490 - BA2,484,A,Q,0.002368,0.07098,0.01587
C68.490 - BA2,484,A,R,0.002985,0.07098,0.01587
C68.490 - BA2,484,A,S,0.003066,0.07098,0.01587
C68.490 - BA2,484,A,T,0.002944,0.07098,0.01587
C68.490 - BA2,484,A,V,0.003075,0.07098,0.01587
C68.490 - BA2,484,A,W,0.002622,0.07098,0.01587
C68.490 - BA2,484,A,Y,0.003468,0.07098,0.01587
C68.490 - BA2,485,G,A,0.002435,0.05714,0.007877
C68.490 - BA2,485,G,C,0.002676,0.05714,0.007877
C68.490 - BA2,485,G,D,0.003772,0.05714,0.007877
C68.490 - BA2,485,G,E,0.002446,0.05714,0.007877
C68.490 - BA2,485,G,H,0.005332,0.05714,0.007877
C68.490 - BA2,485,G,K,0.002893,0.05714,0.007877
C68.490 - BA2,485,G,L,0.003081,0.05714,0.007877
C68.490 - BA2,485,G,M,0.002549,0.05714,0.007877
C68.490 - BA2,485,G,N,0.007468,0.05714,0.007877
C68.490 - BA2,485,G,P,0.002981,0.05714,0.007877
C68.490 - BA2,485,G,Q,0.007877,0.05714,0.007877
C68.490 - BA2,485,G,R,0.002778,0.05714,0.007877
C68.490 - BA2,485,G,S,0.002753,0.05714,0.007877
C68.490 - BA2,485,G,T,0.003048,0.05714,0.007877
C68.490 - BA2,485,G,V,0.002625,0.05714,0.007877
C68.490 - BA2,485,G,W,0.00243,0.05714,0.007877
C68.490 - BA2,486,F,A,0.002953,0.06407,0.00634
C68.490 - BA2,486,F,C,0.002814,0.06407,0.00634
C68.490 - BA2,486,F,D,0.00617,0.06407,0.00634
C68.490 - BA2,486,F,E,0.003432,0.06407,0.00634
C68.490 - BA2,486,F,G,0.003105,0.06407,0.00634
C68.490 - BA2,486,F,H,0.00284,0.06407,0.00634
C68.490 - BA2,486,F,I,0.002785,0.06407,0.00634
C68.490 - BA2,486,F,K,0.003338,0.06407,0.00634
C68.490 - BA2,486,F,L,0.002627,0.06407,0.00634
C68.490 - BA2,486,F,M,0.00358,0.06407,0.00634
C68.490 - BA2,486,F,N,0.004084,0.06407,0.00634
C68.490 - BA2,486,F,P,0.00255,0.06407,0.00634
C68.490 - BA2,486,F,Q,0.003645,0.06407,0.00634
C68.490 - BA2,486,F,R,0.00273,0.06407,0.00634
C68.490 - BA2,486,F,S,0.003645,0.06407,0.00634
C68.490 - BA2,486,F,T,0.002304,0.06407,0.00634
C68.490 - BA2,486,F,V,0.002462,0.06407,0.00634
C68.490 - BA2,486,F,W,0.00634,0.06407,0.00634
C68.490 - BA2,486,F,Y,0.002669,0.06407,0.00634
C68.490 - BA2,487,N,C,0.002687,0.01914,0.003095
C68.490 - BA2,487,N,D,0.003011,0.01914,0.003095
C68.490 - BA2,487,N,G,0.002536,0.01914,0.003095
C68.490 - BA2,487,N,H,0.002277,0.01914,0.003095
C68.490 - BA2,487,N,R,0.002609,0.01914,0.003095
C68.490 - BA2,487,N,S,0.003095,0.01914,0.003095
C68.490 - BA2,487,N,W,0.002924,0.01914,0.003095
C68.490 - BA2,489,Y,F,0.002996,0.01332,0.005148
C68.490 - BA2,489,Y,H,0.002351,0.01332,0.005148
C68.490 - BA2,489,Y,R,0.002823,0.01332,0.005148
C68.490 - BA2,489,Y,W,0.005148,0.01332,0.005148
C68.490 - BA2,490,F,A,0.002175,0.06111,0.006394
C68.490 - BA2,490,F,C,0.002652,0.06111,0.006394
C68.490 - BA2,490,F,D,0.004003,0.06111,0.006394
C68.490 - BA2,490,F,E,0.002967,0.06111,0.006394
C68.490 - BA2,490,F,G,0.004022,0.06111,0.006394
C68.490 - BA2,490,F,H,0.002428,0.06111,0.006394
C68.490 - BA2,490,F,I,0.002901,0.06111,0.006394
C68.490 - BA2,490,F,K,0.002384,0.06111,0.006394
C68.490 - BA2,490,F,L,0.002653,0.06111,0.006394
C68.490 - BA2,490,F,M,0.003083,0.06111,0.006394
C68.490 - BA2,490,F,N,0.002492,0.06111,0.006394
C68.490 - BA2,490,F,P,0.003227,0.06111,0.006394
C68.490 - BA2,490,F,Q,0.002856,0.06111,0.006394
C68.490 - BA2,490,F,R,0.006394,0.06111,0.006394
C68.490 - BA2,490,F,S,0.003618,0.06111,0.006394
C68.490 - BA2,490,F,T,0.002592,0.06111,0.006394
C68.490 - BA2,490,F,V,0.00487,0.06111,0.006394
C68.490 - BA2,490,F,W,0.003015,0.06111,0.006394
C68.490 - BA2,490,F,Y,0.002778,0.06111,0.006394
C68.490 - BA2,491,P,A,0.003232,0.01161,0.003232
C68.490 - BA2,491,P,N,0.002898,0.01161,0.003232
C68.490 - BA2,491,P,S,0.002874,0.01161,0.003232
C68.490 - BA2,491,P,T,0.002606,0.01161,0.003232
C68.490 - BA2,492,L,F,0.002775,0.03056,0.01337
C68.490 - BA2,492,L,I,0.003319,0.03056,0.01337
C68.490 - BA2,492,L,M,0.01337,0.03056,0.01337
C68.490 - BA2,492,L,V,0.01109,0.03056,0.01337
C68.490 - BA2,493,R,A,0.002501,0.05233,0.004402
C68.490 - BA2,493,R,C,0.003506,0.05233,0.004402
C68.490 - BA2,493,R,D,0.002811,0.05233,0.004402
C68.490 - BA2,493,R,E,0.003477,0.05233,0.004402
C68.490 - BA2,493,R,F,0.003088,0.05233,0.004402
C68.490 - BA2,493,R,G,0.003093,0.05233,0.004402
C68.490 - BA2,493,R,H,0.002333,0.05233,0.004402
C68.490 - BA2,493,R,I,0.0026,0.05233,0.004402
C68.490 - BA2,493,R,K,0.002482,0.05233,0.004402
C68.490 - BA2,493,R,L,0.002856,0.05233,0.004402
C68.490 - BA2,493,R,M,0.002862,0.05233,0.004402
C68.490 - BA2,493,R,N,0.002273,0.05233,0.004402
C68.490 - BA2,493,R,Q,0.002695,0.05233,0.004402
C68.490 - BA2,493,R,S,0.002515,0.05233,0.004402
C68.490 - BA2,493,R,T,0.00257,0.05233,0.004402
C68.490 - BA2,493,R,V,0.004402,0.05233,0.004402
C68.490 - BA2,493,R,W,0.003152,0.05233,0.004402
C68.490 - BA2,493,R,Y,0.003115,0.05233,0.004402
C68.490 - BA2,494,S,A,0.00227,0.05124,0.006131
C68.490 - BA2,494,S,C,0.003506,0.05124,0.006131
C68.490 - BA2,494,S,D,0.00219,0.05124,0.006131
C68.490 - BA2,494,S,E,0.003436,0.05124,0.006131
C68.490 - BA2,494,S,F,0.002401,0.05124,0.006131
C68.490 - BA2,494,S,G,0.002755,0.05124,0.006131
C68.490 - BA2,494,S,H,0.003451,0.05124,0.006131
C68.490 - BA2,494,S,K,0.004221,0.05124,0.006131
C68.490 - BA2,494,S,M,0.002536,0.05124,0.006131
C68.490 - BA2,494,S,N,0.003594,0.05124,0.006131
C68.490 - BA2,494,S,P,0.003254,0.05124,0.006131
C68.490 - BA2,494,S,Q,0.003036,0.05124,0.006131
C68.490 - BA2,494,S,R,0.006131,0.05124,0.006131
C68.490 - BA2,494,S,T,0.002686,0.05124,0.006131
C68.490 - BA2,494,S,V,0.002892,0.05124,0.006131
C68.490 - BA2,494,S,Y,0.002879,0.05124,0.006131
C68.490 - BA2,496,G,A,0.003267,0.05978,0.0103
C68.490 - BA2,496,G,C,0.002706,0.05978,0.0103
C68.490 - BA2,496,G,F,0.002948,0.05978,0.0103
C68.490 - BA2,496,G,H,0.00282,0.05978,0.0103
C68.490 - BA2,496,G,I,0.002771,0.05978,0.0103
C68.490 - BA2,496,G,K,0.0103,0.05978,0.0103
C68.490 - BA2,496,G,L,0.006584,0.05978,0.0103
C68.490 - BA2,496,G,M,0.002981,0.05978,0.0103
C68.490 - BA2,496,G,N,0.005017,0.05978,0.0103
C68.490 - BA2,496,G,Q,0.003288,0.05978,0.0103
C68.490 - BA2,496,G,R,0.002795,0.05978,0.0103
C68.490 - BA2,496,G,S,0.002799,0.05978,0.0103
C68.490 - BA2,496,G,T,0.002948,0.05978,0.0103
C68.490 - BA2,496,G,V,0.002988,0.05978,0.0103
C68.490 - BA2,496,G,W,0.003182,0.05978,0.0103
C68.490 - BA2,496,G,Y,0.002387,0.05978,0.0103
C68.490 - BA2,498,R,A,0.002874,0.0225,0.003411
C68.490 - BA2,498,R,H,0.003411,0.0225,0.003411
C68.490 - BA2,498,R,K,0.002217,0.0225,0.003411
C68.490 - BA2,498,R,M,0.002663,0.0225,0.003411
C68.490 - BA2,498,R,Q,0.003274,0.0225,0.003411
C68.490 - BA2,498,R,T,0.002701,0.0225,0.003411
C68.490 - BA2,498,R,W,0.002299,0.0225,0.003411
C68.490 - BA2,498,R,Y,0.003058,0.0225,0.003411
C68.490 - BA2,499,P,A,0.003022,0.03139,0.00364
C68.490 - BA2,499,P,D,0.00364,0.03139,0.00364
C68.490 - BA2,499,P,E,0.002899,0.03139,0.00364
C68.490 - BA2,499,P,G,0.002585,0.03139,0.00364
C68.490 - BA2,499,P,H,0.002789,0.03139,0.00364
C68.490 - BA2,499,P,K,0.00281,0.03139,0.00364
C68.490 - BA2,499,P,N,0.002785,0.03139,0.00364
C68.490 - BA2,499,P,Q,0.002596,0.03139,0.00364
C68.490 - BA2,499,P,R,0.002891,0.03139,0.00364
C68.490 - BA2,499,P,S,0.001796,0.03139,0.00364
C68.490 - BA2,499,P,T,0.003574,0.03139,0.00364
C68.490 - BA2,500,T,A,0.003274,0.05176,0.009581
C68.490 - BA2,500,T,C,0.002723,0.05176,0.009581
C68.490 - BA2,500,T,F,0.002484,0.05176,0.009581
C68.490 - BA2,500,T,G,0.002558,0.05176,0.009581
C68.490 - BA2,500,T,H,0.002869,0.05176,0.009581
C68.490 - BA2,500,T,K,0.002797,0.05176,0.009581
C68.490 - BA2,500,T,L,0.002947,0.05176,0.009581
C68.490 - BA2,500,T,M,0.002272,0.05176,0.009581
C68.490 - BA2,500,T,N,0.004451,0.05176,0.009581
C68.490 - BA2,500,T,P,0.003808,0.05176,0.009581
C68.490 - BA2,500,T,Q,0.002933,0.05176,0.009581
C68.490 - BA2,500,T,R,0.002872,0.05176,0.009581
C68.490 - BA2,500,T,S,0.003631,0.05176,0.009581
C68.490 - BA2,500,T,W,0.002563,0.05176,0.009581
C68.490 - BA2,500,T,Y,0.009581,0.05176,0.009581
C68.490 - BA2,501,Y,F,0.00297,0.0105,0.00297
C68.490 - BA2,501,Y,M,0.002498,0.0105,0.00297
C68.490 - BA2,501,Y,T,0.002306,0.0105,0.00297
C68.490 - BA2,501,Y,W,0.002729,0.0105,0.00297
C68.490 - BA2,503,V,A,0.003306,0.063,0.007154
C68.490 - BA2,503,V,C,0.00474,0.063,0.007154
C68.490 - BA2,503,V,D,0.003375,0.063,0.007154
C68.490 - BA2,503,V,E,0.003265,0.063,0.007154
C68.490 - BA2,503,V,F,0.0024,0.063,0.007154
C68.490 - BA2,503,V,G,0.00258,0.063,0.007154
C68.490 - BA2,503,V,H,0.004554,0.063,0.007154
C68.490 - BA2,503,V,I,0.002501,0.063,0.007154
C68.490 - BA2,503,V,K,0.002756,0.063,0.007154
C68.490 - BA2,503,V,L,0.002926,0.063,0.007154
C68.490 - BA2,503,V,M,0.00241,0.063,0.007154
C68.490 - BA2,503,V,N,0.00316,0.063,0.007154
C68.490 - BA2,503,V,P,0.002724,0.063,0.007154
C68.490 - BA2,503,V,Q,0.007154,0.063,0.007154
C68.490 - BA2,503,V,R,0.003501,0.063,0.007154
C68.490 - BA2,503,V,S,0.002934,0.063,0.007154
C68.490 - BA2,503,V,T,0.002474,0.063,0.007154
C68.490 - BA2,503,V,W,0.002916,0.063,0.007154
C68.490 - BA2,503,V,Y,0.003324,0.063,0.007154
C68.490 - BA2,504,G,A,0.002951,0.05713,0.006978
C68.490 - BA2,504,G,C,0.00302,0.05713,0.006978
C68.490 - BA2,504,G,D,0.003138,0.05713,0.006978
C68.490 - BA2,504,G,E,0.002403,0.05713,0.006978
C68.490 - BA2,504,G,F,0.002577,0.05713,0.006978
C68.490 - BA2,504,G,H,0.002145,0.05713,0.006978
C68.490 - BA2,504,G,I,0.006978,0.05713,0.006978
C68.490 - BA2,504,G,K,0.002496,0.05713,0.006978
C68.490 - BA2,504,G,L,0.003282,0.05713,0.006978
C68.490 - BA2,504,G,M,0.002647,0.05713,0.006978
C68.490 - BA2,504,G,N,0.002598,0.05713,0.006978
C68.490 - BA2,504,G,P,0.002831,0.05713,0.006978
C68.490 - BA2,504,G,Q,0.00363,0.05713,0.006978
C68.490 - BA2,504,G,R,0.002461,0.05713,0.006978
C68.490 - BA2,504,G,S,0.002319,0.05713,0.006978
C68.490 - BA2,504,G,T,0.003688,0.05713,0.006978
C68.490 - BA2,504,G,V,0.002907,0.05713,0.006978
C68.490 - BA2,504,G,W,0.002209,0.05713,0.006978
C68.490 - BA2,504,G,Y,0.002855,0.05713,0.006978
C68.490 - BA2,505,H,A,0.003249,0.02966,0.006297
C68.490 - BA2,505,H,D,0.002535,0.02966,0.006297
C68.490 - BA2,505,H,E,0.002124,0.02966,0.006297
C68.490 - BA2,505,H,F,0.004627,0.02966,0.006297
C68.490 - BA2,505,H,N,0.002877,0.02966,0.006297
C68.490 - BA2,505,H,Q,0.006297,0.02966,0.006297
C68.490 - BA2,505,H,S,0.00256,0.02966,0.006297
C68.490 - BA2,505,H,W,0.002613,0.02966,0.006297
C68.490 - BA2,505,H,Y,0.002779,0.02966,0.006297
C68.490 - BA2,507,P,A,0.003492,0.003492,0.003492
C68.490 - BA2,508,Y,A,0.00222,0.03761,0.007689
C68.490 - BA2,508,Y,C,0.002789,0.03761,0.007689
C68.490 - BA2,508,Y,F,0.00704,0.03761,0.007689
C68.490 - BA2,508,Y,H,0.003642,0.03761,0.007689
C68.490 - BA2,508,Y,I,0.003559,0.03761,0.007689
C68.490 - BA2,508,Y,L,0.002278,0.03761,0.007689
C68.490 - BA2,508,Y,M,0.002729,0.03761,0.007689
C68.490 - BA2,508,Y,T,0.003121,0.03761,0.007689
C68.490 - BA2,508,Y,V,0.002537,0.03761,0.007689
C68.490 - BA2,508,Y,W,0.007689,0.03761,0.007689
C68.490 - BA2,510,V,C,0.008483,0.01488,0.008483
C68.490 - BA2,510,V,I,0.006399,0.01488,0.008483
C68.490 - BA2,513,L,I,0.002435,0.005896,0.003461
C68.490 - BA2,513,L,M,0.003461,0.005896,0.003461
C68.490 - BA2,514,S,A,0.004685,0.0619,0.01007
C68.490 - BA2,514,S,C,0.002542,0.0619,0.01007
C68.490 - BA2,514,S,F,0.002818,0.0619,0.01007
C68.490 - BA2,514,S,G,0.003024,0.0619,0.01007
C68.490 - BA2,514,S,H,0.002855,0.0619,0.01007
C68.490 - BA2,514,S,I,0.002087,0.0619,0.01007
C68.490 - BA2,514,S,K,0.002585,0.0619,0.01007
C68.490 - BA2,514,S,L,0.002992,0.0619,0.01007
C68.490 - BA2,514,S,M,0.006028,0.0619,0.01007
C68.490 - BA2,514,S,N,0.003199,0.0619,0.01007
C68.490 - BA2,514,S,Q,0.008433,0.0619,0.01007
C68.490 - BA2,514,S,R,0.002272,0.0619,0.01007
C68.490 - BA2,514,S,T,0.002406,0.0619,0.01007
C68.490 - BA2,514,S,V,0.01007,0.0619,0.01007
C68.490 - BA2,514,S,W,0.003701,0.0619,0.01007
C68.490 - BA2,514,S,Y,0.002207,0.0619,0.01007
C68.490 - BA2,515,F,L,0.007765,0.01311,0.007765
C68.490 - BA2,515,F,M,0.002358,0.01311,0.007765
C68.490 - BA2,515,F,Y,0.002992,0.01311,0.007765
C68.490 - BA2,516,E,D,0.00204,0.02783,0.003671
C68.490 - BA2,516,E,G,0.002561,0.02783,0.003671
C68.490 - BA2,516,E,H,0.002007,0.02783,0.003671
C68.490 - BA2,516,E,K,0.002928,0.02783,0.003671
C68.490 - BA2,516,E,N,0.002131,0.02783,0.003671
C68.490 - BA2,516,E,Q,0.003269,0.02783,0.003671
C68.490 - BA2,516,E,R,0.003671,0.02783,0.003671
C68.490 - BA2,516,E,S,0.003222,0.02783,0.003671
C68.490 - BA2,516,E,T,0.003351,0.02783,0.003671
C68.490 - BA2,516,E,W,0.002649,0.02783,0.003671
C68.490 - BA2,517,L,A,0.002415,0.061,0.004518
C68.490 - BA2,517,L,C,0.004006,0.061,0.004518
C68.490 - BA2,517,L,D,0.003925,0.061,0.004518
C68.490 - BA2,517,L,E,0.003024,0.061,0.004518
C68.490 - BA2,517,L,F,0.003873,0.061,0.004518
C68.490 - BA2,517,L,G,0.003219,0.061,0.004518
C68.490 - BA2,517,L,H,0.003502,0.061,0.004518
C68.490 - BA2,517,L,I,0.002622,0.061,0.004518
C68.490 - BA2,517,L,K,0.003111,0.061,0.004518
C68.490 - BA2,517,L,M,0.003612,0.061,0.004518
C68.490 - BA2,517,L,N,0.002701,0.061,0.004518
C68.490 - BA2,517,L,P,0.004518,0.061,0.004518
C68.490 - BA2,517,L,Q,0.002554,0.061,0.004518
C68.490 - BA2,517,L,R,0.002824,0.061,0.004518
C68.490 - BA2,517,L,S,0.003685,0.061,0.004518
C68.490 - BA2,517,L,T,0.0027,0.061,0.004518
C68.490 - BA2,517,L,V,0.002866,0.061,0.004518
C68.490 - BA2,517,L,W,0.00255,0.061,0.004518
C68.490 - BA2,517,L,Y,0.003294,0.061,0.004518
C68.490 - BA2,518,L,A,0.002559,0.0543,0.00416
C68.490 - BA2,518,L,C,0.002598,0.0543,0.00416
C68.490 - BA2,518,L,D,0.002602,0.0543,0.00416
C68.490 - BA2,518,L,E,0.00312,0.0543,0.00416
C68.490 - BA2,518,L,F,0.003397,0.0543,0.00416
C68.490 - BA2,518,L,G,0.004087,0.0543,0.00416
C68.490 - BA2,518,L,H,0.002815,0.0543,0.00416
C68.490 - BA2,518,L,I,0.00283,0.0543,0.00416
C68.490 - BA2,518,L,K,0.002569,0.0543,0.00416
C68.490 - BA2,518,L,M,0.002181,0.0543,0.00416
C68.490 - BA2,518,L,N,0.002452,0.0543,0.00416
C68.490 - BA2,518,L,P,0.002931,0.0543,0.00416
C68.490 - BA2,518,L,Q,0.002298,0.0543,0.00416
C68.490 - BA2,518,L,R,0.00416,0.0543,0.00416
C68.490 - BA2,518,L,S,0.002907,0.0543,0.00416
C68.490 - BA2,518,L,T,0.002689,0.0543,0.00416
C68.490 - BA2,518,L,V,0.002178,0.0543,0.00416
C68.490 - BA2,518,L,W,0.002917,0.0543,0.00416
C68.490 - BA2,518,L,Y,0.003015,0.0543,0.00416
C68.490 - BA2,519,H,A,0.002665,0.05297,0.003735
C68.490 - BA2,519,H,C,0.002045,0.05297,0.003735
C68.490 - BA2,519,H,D,0.00298,0.05297,0.003735
C68.490 - BA2,519,H,E,0.00279,0.05297,0.003735
C68.490 - BA2,519,H,F,0.001767,0.05297,0.003735
C68.490 - BA2,519,H,G,0.002521,0.05297,0.003735
C68.490 - BA2,519,H,I,0.002527,0.05297,0.003735
C68.490 - BA2,519,H,K,0.002882,0.05297,0.003735
C68.490 - BA2,519,H,L,0.003014,0.05297,0.003735
C68.490 - BA2,519,H,M,0.00313,0.05297,0.003735
C68.490 - BA2,519,H,N,0.003387,0.05297,0.003735
C68.490 - BA2,519,H,P,0.003033,0.05297,0.003735
C68.490 - BA2,519,H,Q,0.002364,0.05297,0.003735
C68.490 - BA2,519,H,R,0.003735,0.05297,0.003735
C68.490 - BA2,519,H,S,0.002934,0.05297,0.003735
C68.490 - BA2,519,H,T,0.003007,0.05297,0.003735
C68.490 - BA2,519,H,V,0.002819,0.05297,0.003735
C68.490 - BA2,519,H,W,0.002734,0.05297,0.003735
C68.490 - BA2,519,H,Y,0.002632,0.05297,0.003735
C68.490 - BA2,520,A,C,0.005121,0.05489,0.005121
C68.490 - BA2,520,A,D,0.002101,0.05489,0.005121
C68.490 - BA2,520,A,E,0.002413,0.05489,0.005121
C68.490 - BA2,520,A,F,0.002945,0.05489,0.005121
C68.490 - BA2,520,A,G,0.003732,0.05489,0.005121
C68.490 - BA2,520,A,H,0.002564,0.05489,0.005121
C68.490 - BA2,520,A,I,0.003103,0.05489,0.005121
C68.490 - BA2,520,A,K,0.002159,0.05489,0.005121
C68.490 - BA2,520,A,L,0.002521,0.05489,0.005121
C68.490 - BA2,520,A,M,0.003763,0.05489,0.005121
C68.490 - BA2,520,A,N,0.00249,0.05489,0.005121
C68.490 - BA2,520,A,P,0.00239,0.05489,0.005121
C68.490 - BA2,520,A,Q,0.003085,0.05489,0.005121
C68.490 - BA2,520,A,R,0.002781,0.05489,0.005121
C68.490 - BA2,520,A,S,0.002572,0.05489,0.005121
C68.490 - BA2,520,A,T,0.002932,0.05489,0.005121
C68.490 - BA2,520,A,V,0.002493,0.05489,0.005121
C68.490 - BA2,520,A,W,0.00322,0.05489,0.005121
C68.490 - BA2,520,A,Y,0.002502,0.05489,0.005121
C68.490 - BA2,521,P,A,0.004212,0.06076,0.0115
C68.490 - BA2,521,P,C,0.002331,0.06076,0.0115
C68.490 - BA2,521,P,D,0.005694,0.06076,0.0115
C68.490 - BA2,521,P,E,0.002735,0.06076,0.0115
C68.490 - BA2,521,P,G,0.007462,0.06076,0.0115
C68.490 - BA2,521,P,H,0.004322,0.06076,0.0115
C68.490 - BA2,521,P,K,0.002242,0.06076,0.0115
C68.490 - BA2,521,P,M,0.0115,0.06076,0.0115
C68.490 - BA2,521,P,N,0.00253,0.06076,0.0115
C68.490 - BA2,521,P,Q,0.00236,0.06076,0.0115
C68.490 - BA2,521,P,R,0.003723,0.06076,0.0115
C68.490 - BA2,521,P,S,0.003907,0.06076,0.0115
C68.490 - BA2,521,P,T,0.001839,0.06076,0.0115
C68.490 - BA2,521,P,V,0.002599,0.06076,0.0115
C68.490 - BA2,521,P,Y,0.003301,0.06076,0.0115
C68.490 - BA2,522,A,C,0.003247,0.06241,0.007549
C68.490 - BA2,522,A,D,0.002689,0.06241,0.007549
C68.490 - BA2,522,A,E,0.002866,0.06241,0.007549
C68.490 - BA2,522,A,F,0.007549,0.06241,0.007549
C68.490 - BA2,522,A,G,0.002677,0.06241,0.007549
C68.490 - BA2,522,A,H,0.002338,0.06241,0.007549
C68.490 - BA2,522,A,I,0.00406,0.06241,0.007549
C68.490 - BA2,522,A,K,0.003587,0.06241,0.007549
C68.490 - BA2,522,A,L,0.003232,0.06241,0.007549
C68.490 - BA2,522,A,M,0.001503,0.06241,0.007549
C68.490 - BA2,522,A,N,0.00396,0.06241,0.007549
C68.490 - BA2,522,A,P,0.004691,0.06241,0.007549
C68.490 - BA2,522,A,Q,0.002624,0.06241,0.007549
C68.490 - BA2,522,A,R,0.003375,0.06241,0.007549
C68.490 - BA2,522,A,S,0.002588,0.06241,0.007549
C68.490 - BA2,522,A,T,0.002226,0.06241,0.007549
C68.490 - BA2,522,A,V,0.00275,0.06241,0.007549
C68.490 - BA2,522,A,W,0.003751,0.06241,0.007549
C68.490 - BA2,522,A,Y,0.002702,0.06241,0.007549
C68.490 - BA2,523,T,A,0.003573,0.06619,0.006793
C68.490 - BA2,523,T,C,0.002581,0.06619,0.006793
C68.490 - BA2,523,T,D,0.002276,0.06619,0.006793
C68.490 - BA2,523,T,E,0.00533,0.06619,0.006793
C68.490 - BA2,523,T,F,0.002667,0.06619,0.006793
C68.490 - BA2,523,T,G,0.003723,0.06619,0.006793
C68.490 - BA2,523,T,H,0.00329,0.06619,0.006793
C68.490 - BA2,523,T,I,0.002643,0.06619,0.006793
C68.490 - BA2,523,T,K,0.003101,0.06619,0.006793
C68.490 - BA2,523,T,L,0.005081,0.06619,0.006793
C68.490 - BA2,523,T,M,0.002788,0.06619,0.006793
C68.490 - BA2,523,T,N,0.002308,0.06619,0.006793
C68.490 - BA2,523,T,P,0.002629,0.06619,0.006793
C68.490 - BA2,523,T,Q,0.002225,0.06619,0.006793
C68.490 - BA2,523,T,R,0.005464,0.06619,0.006793
C68.490 - BA2,523,T,S,0.003446,0.06619,0.006793
C68.490 - BA2,523,T,V,0.006793,0.06619,0.006793
C68.490 - BA2,523,T,W,0.003305,0.06619,0.006793
C68.490 - BA2,523,T,Y,0.00297,0.06619,0.006793
C68.490 - BA2,524,V,A,0.002796,0.06354,0.005371
C68.490 - BA2,524,V,C,0.002597,0.06354,0.005371
C68.490 - BA2,524,V,D,0.002673,0.06354,0.005371
C68.490 - BA2,524,V,E,0.00226,0.06354,0.005371
C68.490 - BA2,524,V,F,0.00253,0.06354,0.005371
C68.490 - BA2,524,V,G,0.003449,0.06354,0.005371
C68.490 - BA2,524,V,H,0.003639,0.06354,0.005371
C68.490 - BA2,524,V,I,0.003392,0.06354,0.005371
C68.490 - BA2,524,V,K,0.004394,0.06354,0.005371
C68.490 - BA2,524,V,L,0.002986,0.06354,0.005371
C68.490 - BA2,524,V,M,0.002659,0.06354,0.005371
C68.490 - BA2,524,V,N,0.002615,0.06354,0.005371
C68.490 - BA2,524,V,P,0.005371,0.06354,0.005371
C68.490 - BA2,524,V,Q,0.003284,0.06354,0.005371
C68.490 - BA2,524,V,R,0.002716,0.06354,0.005371
C68.490 - BA2,524,V,S,0.003688,0.06354,0.005371
C68.490 - BA2,524,V,T,0.004378,0.06354,0.005371
C68.490 - BA2,524,V,W,0.004747,0.06354,0.005371
C68.490 - BA2,524,V,Y,0.003367,0.06354,0.005371
C68.490 - BA2,526,G,A,0.003391,0.09136,0.02856
C68.490 - BA2,526,G,C,0.006133,0.09136,0.02856
C68.490 - BA2,526,G,D,0.003921,0.09136,0.02856
C68.490 - BA2,526,G,E,0.003196,0.09136,0.02856
C68.490 - BA2,526,G,F,0.003756,0.09136,0.02856
C68.490 - BA2,526,G,H,0.02856,0.09136,0.02856
C68.490 - BA2,526,G,I,0.002594,0.09136,0.02856
C68.490 - BA2,526,G,K,0.002824,0.09136,0.02856
C68.490 - BA2,526,G,L,0.002874,0.09136,0.02856
C68.490 - BA2,526,G,M,0.002968,0.09136,0.02856
C68.490 - BA2,526,G,N,0.002416,0.09136,0.02856
C68.490 - BA2,526,G,P,0.006974,0.09136,0.02856
C68.490 - BA2,526,G,Q,0.002525,0.09136,0.02856
C68.490 - BA2,526,G,R,0.002899,0.09136,0.02856
C68.490 - BA2,526,G,S,0.002257,0.09136,0.02856
C68.490 - BA2,526,G,T,0.004905,0.09136,0.02856
C68.490 - BA2,526,G,V,0.003824,0.09136,0.02856
C68.490 - BA2,526,G,W,0.002672,0.09136,0.02856
C68.490 - BA2,526,G,Y,0.002679,0.09136,0.02856
C68.490 - BA2,527,P,A,0.002737,0.05964,0.005053
C68.490 - BA2,527,P,C,0.005053,0.05964,0.005053
C68.490 - BA2,527,P,D,0.003162,0.05964,0.005053
C68.490 - BA2,527,P,E,0.004984,0.05964,0.005053
C68.490 - BA2,527,P,F,0.002759,0.05964,0.005053
C68.490 - BA2,527,P,G,0.002834,0.05964,0.005053
C68.490 - BA2,527,P,H,0.003054,0.05964,0.005053
C68.490 - BA2,527,P,I,0.003201,0.05964,0.005053
C68.490 - BA2,527,P,K,0.003405,0.05964,0.005053
C68.490 - BA2,527,P,L,0.002608,0.05964,0.005053
C68.490 - BA2,527,P,M,0.002901,0.05964,0.005053
C68.490 - BA2,527,P,N,0.002681,0.05964,0.005053
C68.490 - BA2,527,P,Q,0.002868,0.05964,0.005053
C68.490 - BA2,527,P,R,0.002735,0.05964,0.005053
C68.490 - BA2,527,P,S,0.002848,0.05964,0.005053
C68.490 - BA2,527,P,T,0.003012,0.05964,0.005053
C68.490 - BA2,527,P,V,0.00248,0.05964,0.005053
C68.490 - BA2,527,P,W,0.003155,0.05964,0.005053
C68.490 - BA2,527,P,Y,0.00316,0.05964,0.005053
C68.490 - BA2,528,K,A,0.003165,0.06335,0.005497
C68.490 - BA2,528,K,C,0.003235,0.06335,0.005497
C68.490 - BA2,528,K,D,0.00331,0.06335,0.005497
C68.490 - BA2,528,K,E,0.005497,0.06335,0.005497
C68.490 - BA2,528,K,F,0.00295,0.06335,0.005497
C68.490 - BA2,528,K,G,0.003613,0.06335,0.005497
C68.490 - BA2,528,K,H,0.002716,0.06335,0.005497
C68.490 - BA2,528,K,I,0.003026,0.06335,0.005497
C68.490 - BA2,528,K,L,0.002619,0.06335,0.005497
C68.490 - BA2,528,K,M,0.0027,0.06335,0.005497
C68.490 - BA2,528,K,N,0.003271,0.06335,0.005497
C68.490 - BA2,528,K,P,0.004702,0.06335,0.005497
C68.490 - BA2,528,K,Q,0.003403,0.06335,0.005497
C68.490 - BA2,528,K,R,0.004314,0.06335,0.005497
C68.490 - BA2,528,K,S,0.004032,0.06335,0.005497
C68.490 - BA2,528,K,T,0.00222,0.06335,0.005497
C68.490 - BA2,528,K,V,0.002335,0.06335,0.005497
C68.490 - BA2,528,K,W,0.002859,0.06335,0.005497
C68.490 - BA2,528,K,Y,0.003379,0.06335,0.005497
C68.490 - BA2,529,K,A,0.004317,0.05939,0.006248
C68.490 - BA2,529,K,C,0.003262,0.05939,0.006248
C68.490 - BA2,529,K,D,0.0028,0.05939,0.006248
C68.490 - BA2,529,K,E,0.00243,0.05939,0.006248
C68.490 - BA2,529,K,F,0.003233,0.05939,0.006248
C68.490 - BA2,529,K,G,0.003403,0.05939,0.006248
C68.490 - BA2,529,K,H,0.002796,0.05939,0.006248
C68.490 - BA2,529,K,I,0.002893,0.05939,0.006248
C68.490 - BA2,529,K,L,0.002355,0.05939,0.006248
C68.490 - BA2,529,K,M,0.006248,0.05939,0.006248
C68.490 - BA2,529,K,N,0.002865,0.05939,0.006248
C68.490 - BA2,529,K,P,0.002145,0.05939,0.006248
C68.490 - BA2,529,K,Q,0.00285,0.05939,0.006248
C68.490 - BA2,529,K,R,0.003548,0.05939,0.006248
C68.490 - BA2,529,K,S,0.003301,0.05939,0.006248
C68.490 - BA2,529,K,T,0.002783,0.05939,0.006248
C68.490 - BA2,529,K,V,0.002135,0.05939,0.006248
C68.490 - BA2,529,K,W,0.003239,0.05939,0.006248
C68.490 - BA2,529,K,Y,0.002791,0.05939,0.006248
C68.490 - BA2,530,S,A,0.002512,0.05952,0.00527
C68.490 - BA2,530,S,C,0.003348,0.05952,0.00527
C68.490 - BA2,530,S,D,0.003606,0.05952,0.00527
C68.490 - BA2,530,S,E,0.00328,0.05952,0.00527
C68.490 - BA2,530,S,F,0.003042,0.05952,0.00527
C68.490 - BA2,530,S,G,0.002671,0.05952,0.00527
C68.490 - BA2,530,S,H,0.004173,0.05952,0.00527
C68.490 - BA2,530,S,I,0.003835,0.05952,0.00527
C68.490 - BA2,530,S,K,0.002838,0.05952,0.00527
C68.490 - BA2,530,S,L,0.002368,0.05952,0.00527
C68.490 - BA2,530,S,M,0.002652,0.05952,0.00527
C68.490 - BA2,530,S,N,0.00343,0.05952,0.00527
C68.490 - BA2,530,S,P,0.00227,0.05952,0.00527
C68.490 - BA2,530,S,Q,0.002636,0.05952,0.00527
C68.490 - BA2,530,S,R,0.002896,0.05952,0.00527
C68.490 - BA2,530,S,T,0.003011,0.05952,0.00527
C68.490 - BA2,530,S,V,0.002727,0.05952,0.00527
C68.490 - BA2,530,S,W,0.002959,0.05952,0.00527
C68.490 - BA2,530,S,Y,0.00527,0.05952,0.00527
C68.490 - BA2,531,T,A,0.002408,0.07124,0.01136
C68.490 - BA2,531,T,C,0.002894,0.07124,0.01136
C68.490 - BA2,531,T,D,0.004377,0.07124,0.01136
C68.490 - BA2,531,T,E,0.00235,0.07124,0.01136
C68.490 - BA2,531,T,F,0.003806,0.07124,0.01136
C68.490 - BA2,531,T,G,0.01136,0.07124,0.01136
C68.490 - BA2,531,T,H,0.002545,0.07124,0.01136
C68.490 - BA2,531,T,I,0.002983,0.07124,0.01136
C68.490 - BA2,531,T,K,0.004313,0.07124,0.01136
C68.490 - BA2,531,T,L,0.00313,0.07124,0.01136
C68.490 - BA2,531,T,M,0.004198,0.07124,0.01136
C68.490 - BA2,531,T,N,0.003337,0.07124,0.01136
C68.490 - BA2,531,T,P,0.003546,0.07124,0.01136
C68.490 - BA2,531,T,Q,0.002544,0.07124,0.01136
C68.490 - BA2,531,T,R,0.002539,0.07124,0.01136
C68.490 - BA2,531,T,S,0.002747,0.07124,0.01136
C68.490 - BA2,531,T,V,0.002637,0.07124,0.01136
C68.490 - BA2,531,T,W,0.002683,0.07124,0.01136
C68.490 - BA2,531,T,Y,0.006846,0.07124,0.01136
